Fecha,Ubicacion,Colonia,Municipio,Address,Tipo,Google Maps URL,latitude,longitude
44066,CALLE 38 NORTE NUM 1016 ESQ 10 ORIENTE,LOS REMEDIOS,PUEBLA,"LOS REMEDIOS, PUEBLA, Pue",VIOLACIÓN,"https://www.google.com/maps/search/?api=1&query=19.0388739,-98.1857745",19.0388739,-98.1857745
44079,SAN FRANCISCO ESQ ALCATRAZ,ARBOLEDAS DE SANTA LUCIA,PUEBLA,"ARBOLEDAS DE SANTA LUCIA, PUEBLA, Pue",VIOLACIÓN,"https://www.google.com/maps/search/?api=1&query=20.1937749,-97.3489729",20.1937749,-97.3489729
44081,PINO SUARES LOTE 2 MZ 10 ENTRE PRESA Y LUZ,GUADALUPE HIDALGO,PUEBLA,"GUADALUPE HIDALGO, PUEBLA, Pue",VIOLACIÓN,"https://www.google.com/maps/search/?api=1&query=18.9788043,-98.2472773",18.9788043,-98.2472773
44108,CALLE JOSE MARIA MORELOS,AYEHUALULCO BARRIO,ZACATLÁN,"AYEHUALULCO BARRIO, ZACATLÁN, Pue",VIOLACIÓN,"https://www.google.com/maps/search/?api=1&query=19.9501516,-97.9583516",19.9501516,-97.9583516
44112,CALLE SANTA ELVIRA MAN 2 LOTE 1 ESQ CAMINO VIEJO A BALCONES,SANTA LUCIA,PUEBLA,"SANTA LUCIA, PUEBLA, Pue",VIOLACIÓN,"https://www.google.com/maps/search/?api=1&query=20.1937749,-97.3489729",20.1937749,-97.3489729
44117,REFORMA ESQ 11 SUR,PUEBLA CENTRO,PUEBLA,"PUEBLA CENTRO, PUEBLA, Pue",VIOLACIÓN,"https://www.google.com/maps/search/?api=1&query=19.0437335,-98.1980244",19.0437335,-98.1980244
44131,"CATEMACO ESQUINA CANTERA - 19.039444, -98.129914",VERACRUZ,PUEBLA,"VERACRUZ, PUEBLA, Pue",VIOLACIÓN,"https://www.google.com/maps/search/?api=1&query=19.083251,-98.1681636",19.083251,-98.1681636
44137,RAYON NUM 30 - ALDAMA,IGNACIO ROMERO VARGAS,PUEBLA,"IGNACIO ROMERO VARGAS, PUEBLA, Pue",VIOLACIÓN,"https://www.google.com/maps/search/?api=1&query=19.0754163,-98.24659349999999",19.0754163,-98.2465935
44158,CALLE HIDALGO NUM 306 ESQ 3 SUR,LA LIBERTAD,PUEBLA,"LA LIBERTAD, PUEBLA, Pue",VIOLACIÓN,"https://www.google.com/maps/search/?api=1&query=19.0707136,-98.23633749999999",19.0707136,-98.2363375
44196,RETORNO DE LA 6 ORIENTE B 2055 CASA 1,FRACCIONAMIENTO MAGNOLIAS,PUEBLA,"FRACCIONAMIENTO MAGNOLIAS, PUEBLA, Pue",VIOLACION,"https://www.google.com/maps/search/?api=1&query=19.1031307,-98.2163423",19.1031307,-98.2163423
44239,12 PTE NUM 2111 - DIAG DEF DE LA REP,JESÚS GARCÍA,PUEBLA,"JESÚS GARCÍA, PUEBLA, Pue",VIOLACIÓN,"https://www.google.com/maps/search/?api=1&query=19.0563575,-98.21104539999999",19.0563575,-98.2110454
44264,SAN JUAN DIEGO NUM 65 ESQ MARIA REYNA,FRACCIONAMIENTO BARRIO ARBOLEDAS,PUEBLA,"FRACCIONAMIENTO BARRIO ARBOLEDAS, PUEBLA, Pue",VIOLACIÓN,"https://www.google.com/maps/search/?api=1&query=18.9845265,-98.2014777",18.9845265,-98.2014777
44340,DOMICILIO CONOCIDO,CUAUTEMPAN,CUAUTEMPAN,"CUAUTEMPAN, CUAUTEMPAN, Pue",VIOLACIÓN,"https://www.google.com/maps/search/?api=1&query=19.9151212,-97.79496940000001",19.9151212,-97.7949694
44350,12 SUR 11305 -,LOS HÉROES 2DA SECC,PUEBLA,"LOS HÉROES 2DA SECC, PUEBLA, Pue",VIOLACIÓN,"https://www.google.com/maps/search/?api=1&query=19.0243882,-98.2467991",19.0243882,-98.2467991
44402,CERRADA SANTA CECILIA DEPART 1 MOD 5 -ANDADOR SANTA ROSA Y 20 SUR,LAS TERRAZAS,PUEBLA,"LAS TERRAZAS, PUEBLA, Pue",VIOLACIÓN,"https://www.google.com/maps/search/?api=1&query=19.0414398,-98.2062727",19.0414398,-98.2062727
44416,CALLE ENCINO 348 - 5 SUR,EL CERRITO,PUEBLA,"EL CERRITO, PUEBLA, Pue",VIOLACIÓN,"https://www.google.com/maps/search/?api=1&query=19.0177731,-98.2165132",19.0177731,-98.2165132
44433,AVENIDA CONSTITUYENTES - ARTICULO 21,CONSTITUCIÓN MEXICANA,PUEBLA,"CONSTITUCIÓN MEXICANA, PUEBLA, Pue",VIOLACIÓN,"https://www.google.com/maps/search/?api=1&query=18.9557022,-98.23633749999999",18.9557022,-98.2363375
44494,CALLE 16 DE SEPTIEMBRE - DR GONZALO BAUTISTA,GRAL IGNACIO ZARAGOZA,PUEBLA,"GRAL IGNACIO ZARAGOZA, PUEBLA, Pue",VIOLACIÓN,"https://www.google.com/maps/search/?api=1&query=19.0414398,-98.2062727",19.0414398,-98.2062727
44512,"USUARIA: OFELIA MONTALVO MONTALVO EDAD: 33 AÑOS FECHA DE NACIMIENTO: 3 ABRIL DE 1988 OCUPACIÓN: AMA DE CASA ORIGINARIA DE CHICHICAPA, AJALPAN, PUEBLA NÚMERO TELEFONICO: 2215279610 HIJOS: SOLO LA MENOR DE 12 AÑOS. NOMBRE DEL PR: AARON MARTINEZ LIRA PARENTESCO: PAREJA DESDE HACE UN AÑO APROXIMADAMENTE DE LA C. OFELIA. EDAD: 39 AÑOS FECHA DE NACIMIENTO: 27 DIC 1981 OCUPACIÓN: TRABAJA VENDIENDO ELOTES EN LA CENTRAL DE ABASTOS ORIGINARIO DE TEPETLAMPA, AJALPAN, PUEBLA. FACTORES DE RIESGO: CONSUME ALCOHOL. MENOR DE EDAD VÍCTIMA DE VIOLACIÓN NOMBRE: MAGALI PANTALEON MONTALVO DE 12 AÑOS DE EDAD CON FECHA DE NACIMIENTO 09 DE DICIMBRE DEL 2008 TEL 2226807570 DESCRIPCIÓN DEL SUCESO: AL LLEGAR AL LUGAR PRIMER RESPONDIENTE OFICIAL DAVID RAMIREZ TEMOALZA MAS 1 EN LA UNIDAD VP 125 NOS ENTREVISTAMOS CON LA MADRE DE LA MENOR MISMA QUE REFIERE QUE EL DIA DE HOY MANDA A SU HIJA A PONER MERCANCIA EN LA TIENDA Y TIENEN UNA DISCUSIÓN PORQUE LA MENOR NO QUIERE HACERLO, AL PREGUNTARLE QUE ES LO QUE LE PASA Y PORQUE EN ÚLTIMOS DÍAS LE PONE CARAS Y ESTA MOLESTA CON ELLA, LE DICE QUE LE TENGA CONFIANZA Y LE DIGA A LO QUE LA MENOR LE RESPONDE QUE SU PAPÁ AARON LA VIOLABA DESDE HACE VARIOS MESES USUARIA AL ESCUCHAR ESTO LE RECLAMA AL PR CON ÉL QUE TIENE UN AÑO VIVIENDO MISMO QUE LE DICE QUE NO ERA CIERTO QUE SOLO LA HABÍA TOCADO PERO PORQUE LA MENOR SE LE INSUNUABA, AL DISCUTIR LA SITUACIÓN, ÉL LE DICE QUE SE VA A ENTREGAR PERO HASTA EL DÍA DE MAÑANA, SE SALE PONE CANDADO Y DEJA ENCERRADAS EN EL DOMICILIO DONDE RENTAN A USUARIA Y A LA MENOR, LOGRAN SALIR LA VENTANA LO ALCANZAN Y SE SUBEN AL CARRO DICIENDOLE QUE EN ESE MOMENTO FUERAN A DENUNCIAR, PR LES DICE: ""VAMOS A MATARNOS"" LAS ANDUVO PASEANDO EN EL VEHÍCULO SE ESTACIONO Y SE BAJO EN 3 NORTE Y 10 DE MAYO SAN JOSÉ LOS CERRITOS, DICIENDO QUE IBA A VER A UN AMIGO, SE LLEVO LAS LLAVES, Y USUARIA LO QUISO ALCANZAR PERO SE DIO A LA FUGA LO QUE REGRESA AL VEHÍCULO DONDE SE HABIA QUEDADO SOLA LA MENOR, POSTERIORMENTE LO VIO PASAR EN UNA CAMIONETA, MARCANDO AL 9-1-1 Y SOLICTANDO APOYO DE LA GRUA PARA TRASLADAR EL VEHÍCULO A SU DOMICILIO DONDE RENTAN EN AQUILES SERDÁN NÚM 1012 AMPLIACIÓN MOMOXPAN. CABE MENCIONAR QUE USUARIA REFIERE QUE PR TRAÍA $50, 000 EN SU PODER DE UN PRESTAMO. 02:12 HORAS EN EL DOMICILIO DE LA PETICIONARIA EN CUAUTLANCINGO DEJANDO EL VEHÍCULO DERBY COLOR GRIS CON METALICA NHN3975 PARA POSTERIORMENTE REALIZAR ACOMPAÑAMIENTO AL HOSPITAL DE LA MUJER. AL ARRIBAR AL DOMICILIO USUARIA NOS MUESTRA MENSAJE QUE ACABABA DE RECIBIR DE WHATS APP PARTE DEL PR DONDE LE DICE QUE DEJE LAS COSAS ASÍ, QUE NO SE META CON SU FAMILIA Y QUE EL NO LE HIZO NADA A LA MENOR, QUE ELLA LO PROVOCO. 02:58 HORAS ARRIBAMOS AL HOSPITAL DE LA MUJER PARA APLICACIÓN DE LA NORMA 046 A LA MENOR 03:14 HORAS PERSONAL MÉDICO DR JUAN JOSÉ TOXTLE GUEVARA APLICA PROTOCOLO. 05:00 HORAS TRABAJADORA SOCIAL OTORGA CARNET DE CITAS PARA SU SEGUIMIENTO 05:47 HORAS SE DEJA A USUARIA Y A LA MENOR EN SU DOMICILIO PARA QUE MAS TARDE APROXIMADAMENTE A LAS 09:00 ACUDAN A REALIZAR SU DENUNCIA A LA AGENCIA DEL MINISTERIO PÚBLICO DE CUAUTLANCINGO.",FRACCIONAMIENTO ARCOS DE SANTA CRUZ,PUEBLA,"FRACCIONAMIENTO ARCOS DE SANTA CRUZ, PUEBLA, Pue",VIOLACIÓN,"https://www.google.com/maps/search/?api=1&query=19.0414398,-98.2062727",19.0414398,-98.2062727
44590,ALBA 14 SUR NUMERO 11,FRACCIONAMIENTO ARCOS DEL ALBA,HUEJOTZINGO,"FRACCIONAMIENTO ARCOS DEL ALBA, HUEJOTZINGO, Pue",VIOLACIÓN,"https://www.google.com/maps/search/?api=1&query=19.1600579,-98.3917946",19.1600579,-98.3917946
44598,,BARRIO SAN PEDRO,TEPEXI DE RODRÍGUEZ,"BARRIO SAN PEDRO, TEPEXI DE RODRÍGUEZ, Pue",VIOLACIÓN,"https://www.google.com/maps/search/?api=1&query=18.5771894,-97.92251700000001",18.5771894,-97.922517
44612,113 PTE 1103 ESQ 11SUR,FRACCIONAMIENTO SAN FRANCISCO MAYORAZGO,PUEBLA,"FRACCIONAMIENTO SAN FRANCISCO MAYORAZGO, PUEBLA, Pue",VIOLACIÓN,"https://www.google.com/maps/search/?api=1&query=18.9938027,-98.24551319999999",18.9938027,-98.2455132
44619,,INDEPENDENCIA,PUEBLA,"INDEPENDENCIA, PUEBLA, Pue",VIOLACIÓN,"https://www.google.com/maps/search/?api=1&query=19.072222,-98.25206399999999",19.072222,-98.252064
44631,AZTECA MANZANA 55 LOTE 1 ESQ NEZAHUALCOYOTL,SANTA CLARA OCOYUCAN,OCOYUCAN,"SANTA CLARA OCOYUCAN, OCOYUCAN, Pue",VIOLACIÓN,"https://www.google.com/maps/search/?api=1&query=18.9708332,-98.2916666",18.9708332,-98.2916666
44643,"CALLE RADIAL ZAPATA S-N - 19.03496, -98.27018",ATLIXCO,ATLIXCO,"ATLIXCO, ATLIXCO, Pue",VIOLACIÓN,"https://www.google.com/maps/search/?api=1&query=18.9131227,-98.4293891",18.9131227,-98.4293891
44653,AVENIDA LAS TORRES 2 - AVENIDA EL PROGRESO,FRACCIONAMIENTO HACIENDA LAS FUENTES,PUEBLA,"FRACCIONAMIENTO HACIENDA LAS FUENTES, PUEBLA, Pue",VIOLACIÓN,"https://www.google.com/maps/search/?api=1&query=18.962982,-98.252128",18.962982,-98.252128
44657,LAURELES S-N ESQ JIRASOLES,OCOYUCAN,OCOYUCAN,"OCOYUCAN, OCOYUCAN, Pue",VIOLACIÓN,"https://www.google.com/maps/search/?api=1&query=18.9416539,-98.3197946",18.9416539,-98.3197946
44665,ESMERALDA NUMERO 3 - TIERRA Y LIBERTAD,MIRAVALLE,PUEBLA,"MIRAVALLE, PUEBLA, Pue",VIOLACIÓN,"https://www.google.com/maps/search/?api=1&query=19.1056968,-98.19601089999999",19.1056968,-98.1960109
44666,AVENIDA 5 DE MAYO - 30 OTE,REAL SAN PEDRO,SAN PEDRO CHOLULA,"REAL SAN PEDRO, SAN PEDRO CHOLULA, Pue",VIOLACIÓN,"https://www.google.com/maps/search/?api=1&query=19.0765234,-98.2999457",19.0765234,-98.2999457
44666,PRIVADA 143 B PONIENTE 2902 - 27 C SUR,NUEVA JERUSALÉN,PUEBLA,"NUEVA JERUSALÉN, PUEBLA, Pue",VIOLACIÓN,"https://www.google.com/maps/search/?api=1&query=19.0733299,-98.2545258",19.0733299,-98.2545258
44668,"PRIV, HUTZOL ESQ CALLE MOCTEZUMA",ALBERTO DE LA FUENTE,PUEBLA,"ALBERTO DE LA FUENTE, PUEBLA, Pue",VIOLACIÓN,"https://www.google.com/maps/search/?api=1&query=19.0854943,-98.25206399999999",19.0854943,-98.252064
44676,MANZANARES NUM 8 - TOLOXA Y NIÑOS HEROES,SAN SEBASTIÁN TEPALCATEPEC,JUAN C. BONILLA,"SAN SEBASTIÁN TEPALCATEPEC, JUAN C. BONILLA, Pue",VIOLACIÓN,"https://www.google.com/maps/search/?api=1&query=19.0914117,-98.33348509999999",19.0914117,-98.3334851
44678,11 SUR NUMERO 1102 Y 11 ORIENTE,NICOLÁS BRAVO,TEHUACÁN,"NICOLÁS BRAVO, TEHUACÁN, Pue",VIOLACIÓN,"https://www.google.com/maps/search/?api=1&query=18.4684893,-97.3808206",18.4684893,-97.3808206
44680,"G-726, SAN BARTOLO SUR B 726, INFONAVIT SAN BARTOLO, 72495 PUEBLA, PUE., MÉXICO",INFONAVIT SAN BARTOLO,PUEBLA,"INFONAVIT SAN BARTOLO, PUEBLA, Pue",VIOLACIÓN,"https://www.google.com/maps/search/?api=1&query=18.9916109,-98.2411235",18.9916109,-98.2411235
44683,CARRETERA FEDERAL 150 TEHUACAN - PUEBLA CASETA DE COBRO -76,SANTA MARÍA COAPAN,TEHUACÁN,"SANTA MARÍA COAPAN, TEHUACÁN, Pue",VIOLACIÓN,"https://www.google.com/maps/search/?api=1&query=18.4285028,-97.4083958",18.4285028,-97.4083958
44687,10 ORIENTE,FRANCISCO SARABIA,TEHUACÁN,"FRANCISCO SARABIA, TEHUACÁN, Pue",VIOLACIÓN,"https://www.google.com/maps/search/?api=1&query=18.4719474,-97.3908283",18.4719474,-97.3908283
44700,8 OTE 2603 - 26 NTE,RESURGIMIENTO CD NORTE,PUEBLA,"RESURGIMIENTO CD NORTE, PUEBLA, Pue",VIOLACIÓN,"https://www.google.com/maps/search/?api=1&query=19.039764,-98.1779054",19.039764,-98.1779054
44708,CERRADA NIÑOS HEROES 5401 ESQ MORELOS,SAN VICENTE FERRER,TEHUACÁN,"SAN VICENTE FERRER, TEHUACÁN, Pue",VIOLACIÓN,"https://www.google.com/maps/search/?api=1&query=18.4975401,-97.4151536",18.4975401,-97.4151536
44709,CALLE 8 SUR ESQ 15 PTE,LA INMACULADA,TEHUACÁN,"LA INMACULADA, TEHUACÁN, Pue",VIOLACIÓN,"https://www.google.com/maps/search/?api=1&query=18.4617929,-97.3906959",18.4617929,-97.3906959
44722,ANDADOR 14 A SUR 11106 DTO 3 ESQUINA 14 A SUR,INFONAVIT SAN JORGE,PUEBLA,"INFONAVIT SAN JORGE, PUEBLA, Pue",VIOLACIÓN,"https://www.google.com/maps/search/?api=1&query=18.9837378,-98.21924729999999",18.9837378,-98.2192473
44728,PLAZA DE SAN DIEGUITO EDIF J1 DEPTO 6 ESQ 32 SUR,UNIDAD INFONAVIT LA MARGARITA,PUEBLA,"UNIDAD INFONAVIT LA MARGARITA, PUEBLA, Pue",VIOLACIÓN,"https://www.google.com/maps/search/?api=1&query=19.0050689,-98.18712839999999",19.0050689,-98.1871284
44732,PRIVADA VENUSTIANO CARRANZA 265 ESQUINA PINO SUAREZ,CONJUNTO HABITACIONAL SAN FRANCISCO,CORONANGO,"CONJUNTO HABITACIONAL SAN FRANCISCO, CORONANGO, Pue",VIOLACIÓN,"https://www.google.com/maps/search/?api=1&query=19.1465397,-98.2858326",19.1465397,-98.2858326
44735,CALLE SAN MARCOS EDIFICIO 718 DEPTO A - SAN FELIPE Y SAN MATIAS,SAN GREGORIO AZTOTOACAN,SAN SALVADOR EL VERDE,"SAN GREGORIO AZTOTOACAN, SAN SALVADOR EL VERDE, Pue",VIOLACIÓN,"https://www.google.com/maps/search/?api=1&query=19.2716494,-98.49429330000001",19.2716494,-98.4942933
44742,11 SUR FRENTE AL NUMERAL 14709-MARGARITAS,SAN RAMÓN CASTILLOTLA 3RA SECC,PUEBLA,"SAN RAMÓN CASTILLOTLA 3RA SECC, PUEBLA, Pue",VIOLACIÓN,"https://www.google.com/maps/search/?api=1&query=19.0887316,-98.1622249",19.0887316,-98.1622249
44749,19 SUR N1701,SANTA ROSA CHAPULAPA,ATLIXCO,"SANTA ROSA CHAPULAPA, ATLIXCO, Pue",VIOLACIÓN,"https://www.google.com/maps/search/?api=1&query=18.9086592,-98.44652769999999",18.9086592,-98.4465277
44751,AVENIDA SAN FRANCISCO ESQUINA CON RIO CONCHOS,UNIDAD HABITACIONAL FOVISSSTE SAN MANUEL,PUEBLA,"UNIDAD HABITACIONAL FOVISSSTE SAN MANUEL, PUEBLA, Pue",VIOLACIÓN,"https://www.google.com/maps/search/?api=1&query=19.0116341,-98.19703589999999",19.0116341,-98.1970359
44756,C 5 DE MAYO 25 ESQ CALLE A TLAXCALA,LAS HUERTAS,PUEBLA,"LAS HUERTAS, PUEBLA, Pue",VIOLACIÓN,"https://www.google.com/maps/search/?api=1&query=19.0915478,-98.20273499999999",19.0915478,-98.202735
44768,DE LA PEDRERA ENTRE BOULEVARD NORTE,JOSE CLEOTILDE DE TORRES RAMOS,PUEBLA,"JOSE CLEOTILDE DE TORRES RAMOS, PUEBLA, Pue",VIOLACIÓN,"https://www.google.com/maps/search/?api=1&query=19.0704945,-98.2137128",19.0704945,-98.2137128
44768,114 PTE &,AGRÍCOLA IGNACIO ZARAGOZA,PUEBLA,"AGRÍCOLA IGNACIO ZARAGOZA, PUEBLA, Pue",VIOLACIÓN,"https://www.google.com/maps/search/?api=1&query=19.1258325,-98.2240321",19.1258325,-98.2240321
44782,ARTICULO 5 # 19 ESQ CONSTITUYENTE,CONSTITUCIÓN MEXICANA,PUEBLA,"CONSTITUCIÓN MEXICANA, PUEBLA, Pue",VIOLACIÓN,"https://www.google.com/maps/search/?api=1&query=18.9557022,-98.23633749999999",18.9557022,-98.2363375
44793,CORREDOR INDUSTRIAL JOSE MARIA MORELOS,HUEJOTZINGO,HUEJOTZINGO,"HUEJOTZINGO, HUEJOTZINGO, Pue",VIOLACIÓN,"https://www.google.com/maps/search/?api=1&query=19.1589453,-98.40471629999999",19.1589453,-98.4047163
44801,PRIV ROSAS DEL TEPEYAC N 9 ESQ MIGUEL HIDALGO Y LIBERTAD,INFONAVIT FRACCIONAMIENTO FIDEL VELÁZQUEZ,PUEBLA,"INFONAVIT FRACCIONAMIENTO FIDEL VELÁZQUEZ, PUEBLA, Pue",VIOLACIÓN,"https://www.google.com/maps/search/?api=1&query=19.0974037,-98.1968069",19.0974037,-98.1968069
44808,CALLE 16 DE SEPTIEMBRE NUM 160 ENTRE 5 DE MAYO Y BENITO JUAREZ,GUADALUPE MORELOS,ACATZINGO,"GUADALUPE MORELOS, ACATZINGO, Pue",VIOLACIÓN,"https://www.google.com/maps/search/?api=1&query=19.0255554,-97.8041666",19.0255554,-97.8041666
44811,DOMICILIO CONOCIDO,BARRIO TLATEMPA,ZACATLÁN,"BARRIO TLATEMPA, ZACATLÁN, Pue",VIOLACIÓN,"https://www.google.com/maps/search/?api=1&query=19.9491665,-97.9336111",19.9491665,-97.9336111
44814,CALLE 2 DE ABRIL - COL. LOS MANANTIALES - TLAPEHUALA,TLAPEHUALA,XICOTEPEC,"TLAPEHUALA, XICOTEPEC, Pue",VIOLACIÓN,"https://www.google.com/maps/search/?api=1&query=20.3121878,-98.02845",20.3121878,-98.02845
44830,10 SUR NUM 6353 ESQ 63 Y 65 OTE,LOMA LINDA,PUEBLA,"LOMA LINDA, PUEBLA, Pue",VIOLACIÓN,"https://www.google.com/maps/search/?api=1&query=18.9980794,-98.21172879999999",18.9980794,-98.2117288
44831,NO PROPORCIONA,SAN MATEO CUANALÁ,Juan C. Bonilla,"SAN MATEO CUANALÁ, Juan C. Bonilla, Pue",VIOLACIÓN,"https://www.google.com/maps/search/?api=1&query=19.1101462,-98.34307",19.1101462,-98.34307
44850,E.ZAPATA Y SEGUNDA PRIVADA EMILIANO ZAPATA,ROSAS DEL TEPEYAC,PUEBLA,"ROSAS DEL TEPEYAC, PUEBLA, Pue",VIOLACIÓN,"https://www.google.com/maps/search/?api=1&query=19.099797,-98.19601089999999",19.099797,-98.1960109
44869,VALLE DE SAN JOSE NUM 7009 ESQ OAXACA Y PUEBLA,DEL VALLE,PUEBLA,"DEL VALLE, PUEBLA, Pue",VIOLACIÓN,"https://www.google.com/maps/search/?api=1&query=19.0641282,-98.1188372",19.0641282,-98.1188372
44879,104 B ORIENTE 4226 ESQ 46 NORTE,BOSQUES DE SANTA ANITA,PUEBLA,"BOSQUES DE SANTA ANITA, PUEBLA, Pue",VIOLACIÓN,"https://www.google.com/maps/search/?api=1&query=19.0797624,-98.13641609999999",19.0797624,-98.1364161
44881,COLONIA TLAMOTOLO,TLALMOTOLO,IXTACAMAXTITLÁN,"TLALMOTOLO, IXTACAMAXTITLÁN, Pue",VIOLACIÓN,"https://www.google.com/maps/search/?api=1&query=19.5513888,-97.7386111",19.5513888,-97.7386111
44894,REFORMA 118 -- 5 DE MAYO Y 3 NORTE,PUEBLA CENTRO,PUEBLA,"PUEBLA CENTRO, PUEBLA, Pue",VIOLACIÓN,"https://www.google.com/maps/search/?api=1&query=19.0437335,-98.1980244",19.0437335,-98.1980244
44912,MORELOS 5,MIGUEL E ABED,PUEBLA,"MIGUEL E ABED, PUEBLA, Pue",VIOLACIÓN,"https://www.google.com/maps/search/?api=1&query=19.0811015,-98.2413247",19.0811015,-98.2413247
44924,CALLE MIGUEL ALEMAN NUM 1512 - 15 Y 17 PTE,SAN PEDRO CHOLULA CENTRO,SAN PEDRO CHOLULA,"SAN PEDRO CHOLULA CENTRO, SAN PEDRO CHOLULA, Pue",VIOLACIÓN,"https://www.google.com/maps/search/?api=1&query=19.0765772,-98.30211919999999",19.0765772,-98.3021192
43847,LIBRAMIENTO A LA ALTURA DE LOS VIVEROS,BARRIO SAN JOSÉ,TECAMACHALCO,"BARRIO SAN JOSÉ, TECAMACHALCO, Pue",HOMICIDIO,"https://www.google.com/maps/search/?api=1&query=18.8812125,-97.7219818",18.8812125,-97.7219818
43849,CAMPO DE FUTBOL LA LADRILLERA,SAN BALTAZAR TEMAXCALAC,SAN MARTÍN TEXMELUCAN,"SAN BALTAZAR TEMAXCALAC, SAN MARTÍN TEXMELUCAN, Pue",HOMICIDIO,"https://www.google.com/maps/search/?api=1&query=19.2738596,-98.4232201",19.2738596,-98.4232201
43857,CAMPOS DE CULTIVO,ESCAPE DE LAGUNILLAS,CHIETLA,"ESCAPE DE LAGUNILLAS, CHIETLA, Pue",HOMICIDIO,"https://www.google.com/maps/search/?api=1&query=18.4826102,-98.6603021",18.4826102,-98.6603021
43858,"CAMINO AL RELLENO SANITARIO, FRACCIONAMIENTO. SAN DAMIÁN.",FRACCIONAMIENTO SAN DAMIAN,SAN MARTÍN TEXMELUCAN,"FRACCIONAMIENTO SAN DAMIAN, SAN MARTÍN TEXMELUCAN, Pue",HOMICIDIO,"https://www.google.com/maps/search/?api=1&query=19.2937506,-98.4242626",19.2937506,-98.4242626
43869,SAN DIEGO 29 ESQ EJIDO Y GRANADA,AMPLIACION VISTA HERMOSA ALAMOS,PUEBLA,"AMPLIACION VISTA HERMOSA ALAMOS, PUEBLA, Pue",HOMICIDIO,"https://www.google.com/maps/search/?api=1&query=19.0398516,-98.15092609999999",19.0398516,-98.1509261
43870,CALLE GALEANA ESQUINA PERIFERICO,CUAUTLANCINGO,CUAUTLANCINGO,"CUAUTLANCINGO, CUAUTLANCINGO, Pue",HOMICIDIO,"https://www.google.com/maps/search/?api=1&query=19.1044894,-98.2765151",19.1044894,-98.2765151
43875,CALLE PROFESOR APOLINAR,UNIDAD HABITACIONAL ELBA ESTHER GORDILLO M,SAN MARTÍN TEXMELUCAN,"UNIDAD HABITACIONAL ELBA ESTHER GORDILLO M, SAN MARTÍN TEXMELUCAN, Pue",HOMICIDIO,"https://www.google.com/maps/search/?api=1&query=19.2897527,-98.4579225",19.2897527,-98.4579225
43876,9 NORTE Y OTE 24,EMILIANO ZAPATA,TEHUACÁN,"EMILIANO ZAPATA, TEHUACÁN, Pue",HOMICIDIO,"https://www.google.com/maps/search/?api=1&query=18.4752125,-97.3827218",18.4752125,-97.3827218
43878,FRANCISCO I MADERO 117,SAN FRANCISCO OCOTLÁN,CORONANGO,"SAN FRANCISCO OCOTLÁN, CORONANGO, Pue",HOMICIDIO,"https://www.google.com/maps/search/?api=1&query=19.1384908,-98.28515159999999",19.1384908,-98.2851516
43879,CALLE BUGANBILIAS # 10,LA UNIÓN,ZIHUATEUTLA,"LA UNIÓN, ZIHUATEUTLA, Pue",HOMICIDIO,"https://www.google.com/maps/search/?api=1&query=20.2622972,-97.872013",20.2622972,-97.872013
43879,CARRETERA A PAJUATA,HUITZILAN DE SERDÁN CENTRO,HUITZILAN DE SERDÁN,"HUITZILAN DE SERDÁN CENTRO, HUITZILAN DE SERDÁN, Pue",HOMICIDIO,"https://www.google.com/maps/search/?api=1&query=19.9705968,-97.6935142",19.9705968,-97.6935142
43887,CALLE RAFAEL CORTES PONIENTE N0 8,TECALI DE HERRERA,TECALI DE HERRERA,"TECALI DE HERRERA, TECALI DE HERRERA, Pue",HOMICIDIO,"https://www.google.com/maps/search/?api=1&query=18.9022377,-97.9742086",18.9022377,-97.9742086
43887,COMICILIO CONOCIDO,TEPETLA,ZACATLÁN,"TEPETLA, ZACATLÁN, Pue",HOMICIDIO,"https://www.google.com/maps/search/?api=1&query=20.0542978,-97.9480675",20.0542978,-97.9480675
43895,CALLE PRINCIPAL ESQ . CALLE SAN FRANCISCO,BUENOS AIRES,PUEBLA,"BUENOS AIRES, PUEBLA, Pue",HOMICIDIO,"https://www.google.com/maps/search/?api=1&query=20.1533332,-97.74833330000001",20.1533332,-97.7483333
43896,PASTOR ROAUIX ESQUINA VIAS,ESTRELLA DEL SUR,TEHUACÁN,"ESTRELLA DEL SUR, TEHUACÁN, Pue",HOMICIDIO,"https://www.google.com/maps/search/?api=1&query=18.4448527,-97.38609939999999",18.4448527,-97.3860994
43898,129 B PTE NUM 2913-D ESQ 29 SUR,FRACCIONAMIENTO HACIENDA SANTA CLARA 1RA SECC,PUEBLA,"FRACCIONAMIENTO HACIENDA SANTA CLARA 1RA SECC, PUEBLA, Pue",HOMICIDIO,"https://www.google.com/maps/search/?api=1&query=18.9819749,-98.27340079999999",18.9819749,-98.2734008
43900,CALLE COLON ENTRE ALA TRISTE Y MORELOS,BARRIO DE CUAUTZOLCO,LIBRES,"BARRIO DE CUAUTZOLCO, LIBRES, Pue",HOMICIDIO,"https://www.google.com/maps/search/?api=1&query=19.4756482,-97.6832998",19.4756482,-97.6832998
43902,"CALLE NICOLÁS BRAVO NÚM. 51, SECC. 3RA.",TEPANGO CENTRO,TEPANGO DE RODRÍGUEZ,"TEPANGO CENTRO, TEPANGO DE RODRÍGUEZ, Pue",HOMICIDIO,"https://www.google.com/maps/search/?api=1&query=20.0047824,-97.7973739",20.0047824,-97.7973739
43902,CARRETERA INTERNACIONAL 190 S-N,EL TEPENENE,IZÚCAR DE MATAMOROS,"EL TEPENENE, IZÚCAR DE MATAMOROS, Pue",HOMICIDIO,"https://www.google.com/maps/search/?api=1&query=18.5991249,-98.4677851",18.5991249,-98.4677851
43914,PRIVADA DE LA 9 SUR ENTRE 3 Y 5 OTE,LA PURÍSIMA,TEHUACÁN,"LA PURÍSIMA, TEHUACÁN, Pue",HOMICIDIO,"https://www.google.com/maps/search/?api=1&query=18.4552986,-97.3834958",18.4552986,-97.3834958
43916,AVENIDAFERROCARRIL ESQ.PRIMERA PRIVADA BENITO JUAREZ,FRACCIONAMIENTO RINCONADA SAN JERÓNIMO,PUEBLA,"FRACCIONAMIENTO RINCONADA SAN JERÓNIMO, PUEBLA, Pue",HOMICIDIO,"https://www.google.com/maps/search/?api=1&query=18.2227295,-97.9102647",18.2227295,-97.9102647
43929,RIO APULCO NUM 502 ESQ. RIO PAPALOAPAN,ALTAVISTA,ATLIXCO,"ALTAVISTA, ATLIXCO, Pue",HOMICIDIO,"https://www.google.com/maps/search/?api=1&query=18.9147831,-98.4252764",18.9147831,-98.4252764
43934,"PONIENTE N. 216, COL. CENTRO",SAN BUENAVENTURA NEALTICAN,NEALTICAN,"SAN BUENAVENTURA NEALTICAN, NEALTICAN, Pue",HOMICIDIO,"https://www.google.com/maps/search/?api=1&query=19.05179,-98.42664719999999",19.05179,-98.4266472
43962,DOMICILIO CONOCIDO,TLAHUAPAN,CHICONCUAUTLA,"TLAHUAPAN, CHICONCUAUTLA, Pue",HOMICIDIO,"https://www.google.com/maps/search/?api=1&query=20.0944682,-97.9389566",20.0944682,-97.9389566
43962,#¿NOMBRE?,MAZATZONGO DE GUERRERO,SAN SEBASTIÁN TLACOTEPEC,"MAZATZONGO DE GUERRERO, SAN SEBASTIÁN TLACOTEPEC, Pue",HOMICIDIO,"https://www.google.com/maps/search/?api=1&query=18.4041547,-96.8494583",18.4041547,-96.8494583
43966,COL MOISES SABA MANZANA 4 LOTE 10,BARRIO SAN JUAN,TECAMACHALCO,"BARRIO SAN JUAN, TECAMACHALCO, Pue",HOMICIDIO,"https://www.google.com/maps/search/?api=1&query=18.8907232,-97.7593267",18.8907232,-97.7593267
43971,COMUNIDAD DE RANCHO CHICO,OCOTLÁN DE VENUSTIANO CARRANZA,YEHUALTEPEC,"OCOTLÁN DE VENUSTIANO CARRANZA, YEHUALTEPEC, Pue",HOMICIDIO,"https://www.google.com/maps/search/?api=1&query=18.791111,-97.6691666",18.791111,-97.6691666
43980,MELCHOR OCAMPO ESQ AVENIDA HIDALGO,SAN ANTONIO MIAHUACAN,CORONANGO,"SAN ANTONIO MIAHUACAN, CORONANGO, Pue",HOMICIDIO,"https://www.google.com/maps/search/?api=1&query=19.1505473,-98.3066271",19.1505473,-98.3066271
44015,CALLE 4TA. BERRIOZÁBAL,CHIGNAHUAPAN CENTRO,CHIGNAHUAPAN,"CHIGNAHUAPAN CENTRO, CHIGNAHUAPAN, Pue",HOMICIDIO,"https://www.google.com/maps/search/?api=1&query=19.8416349,-98.0315179",19.8416349,-98.0315179
44018,CALLE 12 DE DICIEMBRE Y 9 NORTE DE LA COMUNIDAD DE LA COMPAÑÍA DE JESÚS,QUECHOLAC,QUECHOLAC,"QUECHOLAC, QUECHOLAC, Pue",HOMICIDIO,"https://www.google.com/maps/search/?api=1&query=18.9554497,-97.65752370000001",18.9554497,-97.6575237
44018,ENTRADA DE RUBEN JARAMILLO,TECAMACHALCO,TECAMACHALCO,"TECAMACHALCO, TECAMACHALCO, Pue",HOMICIDIO,"https://www.google.com/maps/search/?api=1&query=18.8819104,-97.7327256",18.8819104,-97.7327256
44022,CARRETERA GRAJALES MÁXIMO SERDAN,RAFAEL LARA GRAJALES CENTRO,RAFAEL LARA GRAJALES,"RAFAEL LARA GRAJALES CENTRO, RAFAEL LARA GRAJALES, Pue",HOMICIDIO,"https://www.google.com/maps/search/?api=1&query=19.2241665,-97.79999989999999",19.2241665,-97.7999999
44030,CALLE SUR 11 N° 22,ESPERANZA CENTRO,ESPERANZA,"ESPERANZA CENTRO, ESPERANZA, Pue",HOMICIDIO,"https://www.google.com/maps/search/?api=1&query=19.0412894,-98.20620129999999",19.0412894,-98.2062013
44051,EJE PONIENTE S-N,IZÚCAR DE MATAMOROS CENTRO,IZÚCAR DE MATAMOROS,"IZÚCAR DE MATAMOROS CENTRO, IZÚCAR DE MATAMOROS, Pue",HOMICIDIO,"https://www.google.com/maps/search/?api=1&query=18.6036034,-98.4664135",18.6036034,-98.4664135
44097,BOULEVARD EMILIANO ZAPATA ESQ. CAMINO A LA BUAP,SAN JUAN TEJALUCA,ATLIXCO,"SAN JUAN TEJALUCA, ATLIXCO, Pue",HOMICIDIO,"https://www.google.com/maps/search/?api=1&query=18.8999703,-98.4045685",18.8999703,-98.4045685
44106,CARRETERA ESTATAL A VICENTE GUERRERO ENTRE RANCHO CABRAS Y RANCHO NUEVO,BARRIO SAN MIGUEL,VICENTE GUERRERO,"BARRIO SAN MIGUEL, VICENTE GUERRERO, Pue",HOMICIDIO,"https://www.google.com/maps/search/?api=1&query=19.0412894,-98.20620129999999",19.0412894,-98.2062013
44106,RETORNO GARDENIAS EDIFICIO 83 2DA SECCION,UNIDAD HABITACIONAL INFONAVIT,ATLIXCO,"UNIDAD HABITACIONAL INFONAVIT, ATLIXCO, Pue",HOMICIDIO,"https://www.google.com/maps/search/?api=1&query=18.9223274,-98.41328229999999",18.9223274,-98.4132823
44109,CALLE PRINCIPAL ZONA DE TOLERANCIA,AMATITLANES,IZÚCAR DE MATAMOROS,"AMATITLANES, IZÚCAR DE MATAMOROS, Pue",HOMICIDIO,"https://www.google.com/maps/search/?api=1&query=18.6051011,-98.4821887",18.6051011,-98.4821887
44132,AVENIDAPUEBLA Y CALLE EJIDO ENTRE LAZARO CARDENA,NUEVO LEON,SAN PEDRO CHOLULA,"NUEVO LEON, SAN PEDRO CHOLULA, Pue",HOMICIDIO,"https://www.google.com/maps/search/?api=1&query=19.085219,-98.2870706",19.085219,-98.2870706
44144,ALLENDE S-N,PAHUATLÁN CENTRO,PAHUATLÁN,"PAHUATLÁN CENTRO, PAHUATLÁN, Pue",HOMICIDIO,"https://www.google.com/maps/search/?api=1&query=20.2773258,-98.15092609999999",20.2773258,-98.1509261
44154,PERIFERICO ESQUINA FORJADORES,LOMAS DE SAN JUAN,CUAUTLANCINGO,"LOMAS DE SAN JUAN, CUAUTLANCINGO, Pue",HOMICIDIO,"https://www.google.com/maps/search/?api=1&query=19.1044894,-98.2765151",19.1044894,-98.2765151
44157,CAMINO REAL JUNTO AL BASURERO MUNICIPAL,SANTA ISABEL TEPETZALA,ACAJETE,"SANTA ISABEL TEPETZALA, ACAJETE, Pue",HOMICIDIO,"https://www.google.com/maps/search/?api=1&query=19.1149355,-97.9347713",19.1149355,-97.9347713
44160,5 NORTE NUM 36,UNIDAD HABITACIONAL GUSTAVO DIAZ ORDAZ SECCION2,CHIETLA,"UNIDAD HABITACIONAL GUSTAVO DIAZ ORDAZ SECCION2, CHIETLA, Pue",HOMICIDIO,"https://www.google.com/maps/search/?api=1&query=18.4968031,-98.6146931",18.4968031,-98.6146931
44161,18 OTE Y 1 NORTE,EL DORADO,TEHUACÁN,"EL DORADO, TEHUACÁN, Pue",HOMICIDIO,"https://www.google.com/maps/search/?api=1&query=18.4743565,-97.43139169999999",18.4743565,-97.4313917
44184,DOMICILIO CONOCIDO,TEXPILCO,ZACAPOAXTLA,"TEXPILCO, ZACAPOAXTLA, Pue",HOMICIDIO,"https://www.google.com/maps/search/?api=1&query=19.8658977,-97.5873659",19.8658977,-97.5873659
44209,BOULEVARD CARMEN SERDAN SERDAN 2508 ESQ 25 NTE,JOSÉ CLEOTILDE DE TORRES RAMOS,PUEBLA,"JOSÉ CLEOTILDE DE TORRES RAMOS, PUEBLA, Pue",HOMICIDIO,"https://www.google.com/maps/search/?api=1&query=19.0704945,-98.2137128",19.0704945,-98.2137128
44226,AUTOPISTA TLAXCO TEJOCOTAL KM 67+900,EJIDO MICHAC,CHIGNAHUAPAN,"EJIDO MICHAC, CHIGNAHUAPAN, Pue",HOMICIDIO,"https://www.google.com/maps/search/?api=1&query=19.8527776,-98.0508333",19.8527776,-98.0508333
44228,AVENIDA MAGUEL HIDALGO NUMERO 712,BARRIO SANTA MARÍA XIXITLA,SAN PEDRO CHOLULA,"BARRIO SANTA MARÍA XIXITLA, SAN PEDRO CHOLULA, Pue",HOMICIDIO,"https://www.google.com/maps/search/?api=1&query=19.0611283,-98.31842569999999",19.0611283,-98.3184257
44230,CHAMIZAL S-N,AGUA DULCE,TILAPA,"AGUA DULCE, TILAPA, Pue",HOMICIDIO,"https://www.google.com/maps/search/?api=1&query=18.620859,-98.513741",18.620859,-98.513741
44234,CARRETERA FEDERAL SAN HIPOLITI XALAPA,SAN NICOLÁS ZOYAPETLAYUCA,TEPEACA,"SAN NICOLÁS ZOYAPETLAYUCA, TEPEACA, Pue",HOMICIDIO,"https://www.google.com/maps/search/?api=1&query=18.924322,-97.86546159999999",18.924322,-97.8654616
44252,"6 PONIENTE ENTRE LA 23 Y 25 NORTE, FALDAS DEL CERRO TECHACHALES",TECAMACHALCO,TECAMACHALCO,"TECAMACHALCO, TECAMACHALCO, Pue",HOMICIDIO,"https://www.google.com/maps/search/?api=1&query=18.8819104,-97.7327256",18.8819104,-97.7327256
44264,2 NORTE NUM 2332 Y 24 OTE,BENITO JUÁREZ (LA CANOA),ATLIXCO,"BENITO JUÁREZ (LA CANOA), ATLIXCO, Pue",HOMICIDIO,"https://www.google.com/maps/search/?api=1&query=18.9183114,-98.42870359999999",18.9183114,-98.4287036
44265,CALLE PINOS S-N,MIXQUITLIXCO,SAN PABLO ANICANO,"MIXQUITLIXCO, SAN PABLO ANICANO, Pue",HOMICIDIO,"https://www.google.com/maps/search/?api=1&query=18.1369448,-98.0832595",18.1369448,-98.0832595
44273,CARRETERA FEDERAL 160 S-N,TEPEXCO CENTRO,TEPEXCO,"TEPEXCO CENTRO, TEPEXCO, Pue",HOMICIDIO,"https://www.google.com/maps/search/?api=1&query=18.6404235,-98.6916928",18.6404235,-98.6916928
44280,JUAREZ NUM 54 ESQ INDEPENDENCIA,SANTA MARIA GUADALUPE TECOLA,PUEBLA,"SANTA MARIA GUADALUPE TECOLA, PUEBLA, Pue",HOMICIDIO,"https://www.google.com/maps/search/?api=1&query=19.006639,-98.19581199999999",19.006639,-98.195812
44284,CARR A HACIA LA HACIENDA LOS MOLINOS,SAN AGUSTÍN LOS MOLINOS,ATLIXCO,"SAN AGUSTÍN LOS MOLINOS, ATLIXCO, Pue",HOMICIDIO,"https://www.google.com/maps/search/?api=1&query=18.9483893,-98.3952206",18.9483893,-98.3952206
44289,CALLE REFORMA SUR,BUENAVISTA,XICOTEPEC,"BUENAVISTA, XICOTEPEC, Pue",HOMICIDIO,"https://www.google.com/maps/search/?api=1&query=20.2786208,-97.964259",20.2786208,-97.964259
44294,CALLE GUADLALUPE #62 ESQ CALLE ALCANFORES,SAN JUAN FLOR DEL BOSQUE,PUEBLA,"SAN JUAN FLOR DEL BOSQUE, PUEBLA, Pue",HOMICIDIO,"https://www.google.com/maps/search/?api=1&query=19.0318458,-98.1318077",19.0318458,-98.1318077
44308,CANAL DE VALSEQUILLO,BARRIO SAN SEBASTIÁN,TECAMACHALCO,"BARRIO SAN SEBASTIÁN, TECAMACHALCO, Pue",HOMICIDIO,"https://www.google.com/maps/search/?api=1&query=19.853915,-97.3705639",19.853915,-97.3705639
44309,LIBRAMIENTO DE TECAMACHALCO A XOCHIMILCO,TECAMACHALCO,TECAMACHALCO,"TECAMACHALCO, TECAMACHALCO, Pue",HOMICIDIO,"https://www.google.com/maps/search/?api=1&query=18.8819104,-97.7327256",18.8819104,-97.7327256
44314,CAMINO A STA CRUZ 1571,CHACHAPA,AMOZOC,"CHACHAPA, AMOZOC, Pue",HOMICIDIO,"https://www.google.com/maps/search/?api=1&query=19.0475079,-98.0942681",19.0475079,-98.0942681
44314,CALLE VISTA HERMOSA NO. 33 ENTRE PRIVADA MORELOS Y PRIV VISTA HERMOSA,IGNACIO ROMERO VARGAS,PUEBLA,"IGNACIO ROMERO VARGAS, PUEBLA, Pue",HOMICIDIO,"https://www.google.com/maps/search/?api=1&query=19.0754163,-98.24659349999999",19.0754163,-98.2465935
44316,IGNACIO ZARAGOZA 6 ESQ AVENIDA 2 OTE,LAS CARITAS,PUEBLA,"LAS CARITAS, PUEBLA, Pue",HOMICIDIO,"https://www.google.com/maps/search/?api=1&query=19.0424716,-98.2112107",19.0424716,-98.2112107
44330,CARRETERA EL EMPALME XALAPA KM 3+100,CUAPIAXTLA DE MADERO,CUAPIAXTLA DE MADERO,"CUAPIAXTLA DE MADERO, CUAPIAXTLA DE MADERO, Pue",HOMICIDIO,"https://www.google.com/maps/search/?api=1&query=18.9189112,-97.8259174",18.9189112,-97.8259174
44339,AVE LIBERTAD NUM 3626 - CIPRES,GUADALUPE TLATELPA,PUEBLA,"GUADALUPE TLATELPA, PUEBLA, Pue",HOMICIDIO,"https://www.google.com/maps/search/?api=1&query=18.96744,-98.17364630000002",18.96744,-98.1736463
44340,VICENTE GUERRERO 112 ESQUINA MELCHOR OCAMPO COL. MIGUEL HIDALGO DE PINO SUAREZ,TEPANCO DE LÓPEZ CENTRO,TEPANCO DE LÓPEZ,"TEPANCO DE LÓPEZ CENTRO, TEPANCO DE LÓPEZ, Pue",HOMICIDIO,"https://www.google.com/maps/search/?api=1&query=18.5537917,-97.5605324",18.5537917,-97.5605324
44340,DOMICILIO CONOCIDO,CUAUTEMPAN CENTRO,CUAUTEMPAN,"CUAUTEMPAN CENTRO, CUAUTEMPAN, Pue",HOMICIDIO,"https://www.google.com/maps/search/?api=1&query=19.9151212,-97.79496940000001",19.9151212,-97.7949694
44343,ELEKTRA 15 - CERRADA DE LA ESTRELLA,GALAXIA LA CALERA,PUEBLA,"GALAXIA LA CALERA, PUEBLA, Pue",HOMICIDIO,"https://www.google.com/maps/search/?api=1&query=18.9951497,-98.1575627",18.9951497,-98.1575627
44346,CALLE SEDESOL #29 ENTRE 17 Y 24 DE FEBRERO,ALATRISTE,TEHUACÁN,"ALATRISTE, TEHUACÁN, Pue",HOMICIDIO,"https://www.google.com/maps/search/?api=1&query=18.4760792,-97.4171811",18.4760792,-97.4171811
44366,IGNACIO ALLENDE 12945 ESQ VENUSTIANO CARRANZA,GUADALUPE HIDALGO,PUEBLA,"GUADALUPE HIDALGO, PUEBLA, Pue",HOMICIDIO,"https://www.google.com/maps/search/?api=1&query=18.9788043,-98.2472773",18.9788043,-98.2472773
44367,CARRETERA A TOTOLA ·2,SAN ANDRÉS CALPAN CENTRO,CALPAN,"SAN ANDRÉS CALPAN CENTRO, CALPAN, Pue",HOMICIDIO,"https://www.google.com/maps/search/?api=1&query=19.1059204,-98.4677851",19.1059204,-98.4677851
44382,CALLE UNIVERSIDAD DE VERACRUZ NUM 1628 - U.CHAPINGO,FRACCIONAMIENTO ARBOLEDAS,PUEBLA,"FRACCIONAMIENTO ARBOLEDAS, PUEBLA, Pue",HOMICIDIO,"https://www.google.com/maps/search/?api=1&query=18.9845829,-98.1987371",18.9845829,-98.1987371
44405,CARR SANTA CRUZ ALTURA KM 3,SANTA CRUZ ALPUYECA,PUEBLA,"SANTA CRUZ ALPUYECA, PUEBLA, Pue",HOMICIDIO,"https://www.google.com/maps/search/?api=1&query=18.9816665,-98.0808332",18.9816665,-98.0808332
44417,CALLE 20 DE NOVIEMBRE S-N,BARRIO CHIGNAULINGO,TEZIUTLÁN,"BARRIO CHIGNAULINGO, TEZIUTLÁN, Pue",HOMICIDIO,"https://www.google.com/maps/search/?api=1&query=19.8326719,-97.3476048",19.8326719,-97.3476048
44440,CALLE BENITO JUAREZ,LA CRUZ,CHIETLA,"LA CRUZ, CHIETLA, Pue",HOMICIDIO,"https://www.google.com/maps/search/?api=1&query=18.5120183,-98.60369949999999",18.5120183,-98.6036995
44444,CALLE FRANCISCO ZARABIA SN,HUEYTAMALCO CENTRO,HUEYTAMALCO,"HUEYTAMALCO CENTRO, HUEYTAMALCO, Pue",HOMICIDIO,"https://www.google.com/maps/search/?api=1&query=19.9393905,-97.2888917",19.9393905,-97.2888917
44447,16 DE SEPTIEMBRE --URANGA,GETSEMANI,CUAUTLANCINGO,"GETSEMANI, CUAUTLANCINGO, Pue",HOMICIDIO,"https://www.google.com/maps/search/?api=1&query=19.1044894,-98.2765151",19.1044894,-98.2765151
44454,GUADALUPE VICTORIA --EJIDO,SAN BALTAZAR CAMPECHE,PUEBLA,"SAN BALTAZAR CAMPECHE, PUEBLA, Pue",HOMICIDIO,"https://www.google.com/maps/search/?api=1&query=19.0219154,-98.2062614",19.0219154,-98.2062614
44457,CALLE PRINCIPAL ESQ. PORFIRIO DIAZ,METEPEC,ATLIXCO,"METEPEC, ATLIXCO, Pue",HOMICIDIO,"https://www.google.com/maps/search/?api=1&query=18.939183,-98.4719001",18.939183,-98.4719001
44468,DOMICILIO CONOCIDO,TLAXCO CENTRO,TLAXCO,"TLAXCO CENTRO, TLAXCO, Pue",HOMICIDIO,"https://www.google.com/maps/search/?api=1&query=19.0412894,-98.20620129999999",19.0412894,-98.2062013
44469,"CALLE PRINCIPAL S-N, EJIDO PALO GACHO",PALO GACHO,ACATENO,"PALO GACHO, ACATENO, Pue",HOMICIDIO,"https://www.google.com/maps/search/?api=1&query=20.1301056,-97.2090295",20.1301056,-97.2090295
44478,CALLEJON VEGONIA NUM 69 ESQ. CARR A SAN BALTAZAR,TERCERA SECCIÓN,ATLIXCO,"TERCERA SECCIÓN, ATLIXCO, Pue",HOMICIDIO,"https://www.google.com/maps/search/?api=1&query=18.9378425,-98.4770442",18.9378425,-98.4770442
44509,CARR NAUTLA 256,BARRIO TAXCALA,TEZIUTLÁN,"BARRIO TAXCALA, TEZIUTLÁN, Pue",HOMICIDIO,"https://www.google.com/maps/search/?api=1&query=19.8229731,-97.3496302",19.8229731,-97.3496302
44512,QUERETARO 10110 ESQUINA MICHOACAN Y PUEBLA,POPULAR CASTILLOTLA,PUEBLA,"POPULAR CASTILLOTLA, PUEBLA, Pue",HOMICIDIO,"https://www.google.com/maps/search/?api=1&query=18.9976914,-98.2370212",18.9976914,-98.2370212
44521,CALLE ALDAMA S-N,XOYATLA,TEPEOJUMA,"XOYATLA, TEPEOJUMA, Pue",HOMICIDIO,"https://www.google.com/maps/search/?api=1&query=18.7547221,-98.3902777",18.7547221,-98.3902777
44528,CALLE INDEPENDENCIA NUM. 19,VENTA GRANDE,HUAUCHINANGO,"VENTA GRANDE, HUAUCHINANGO, Pue",HOMICIDIO,"https://www.google.com/maps/search/?api=1&query=20.118611,-98.0986111",20.118611,-98.0986111
44529,AVENIDA JUAREZ S-N -,SANTA MARIA GUADALUPE TECOLA,PUEBLA,"SANTA MARIA GUADALUPE TECOLA, PUEBLA, Pue",HOMICIDIO,"https://www.google.com/maps/search/?api=1&query=19.006639,-98.19581199999999",19.006639,-98.195812
44530,CARR LA FAMA A SAN SAN MIGUEL ESPEJO,PUEBLA,PUEBLA,"PUEBLA, PUEBLA, Pue",HOMICIDIO,"https://www.google.com/maps/search/?api=1&query=19.0414398,-98.2062727",19.0414398,-98.2062727
44533,"CEDRO 102,",EL RIEGO SUR,PUEBLA,"EL RIEGO SUR, PUEBLA, Pue",HOMICIDIO,"https://www.google.com/maps/search/?api=1&query=19.092556,-98.2260829",19.092556,-98.2260829
44541,CALLE AGUSTIN ITURBIDE NTE,LA RESURRECCIÓN,PUEBLA,"LA RESURRECCIÓN, PUEBLA, Pue",HOMICIDIO,"https://www.google.com/maps/search/?api=1&query=19.0869018,-98.1358018",19.0869018,-98.1358018
44547,"CALLE DEL BACHILLERATO, COLONIA LA LOMA",Quimixtlán CENTRO,QUIMIXTLÁN,"Quimixtlán CENTRO, QUIMIXTLÁN, Pue",HOMICIDIO,"https://www.google.com/maps/search/?api=1&query=19.2537792,-97.1369256",19.2537792,-97.1369256
44547,"CARRETERA CAXHUACAN A IXTEPEC, LUGAR CONOCIDO SAN CRISTÓBAL",CAXHUACAN CENTRO,CAXHUACAN,"CAXHUACAN CENTRO, CAXHUACAN, Pue",HOMICIDIO,"https://www.google.com/maps/search/?api=1&query=20.0643395,-97.60735539999999",20.0643395,-97.6073554
44553,"BARRIO DE BARTOLO, MUNICIPIO DE Zacatlán, PUE.",SAN BARTOLO,ZACATLÁN,"SAN BARTOLO, ZACATLÁN, Pue",HOMICIDIO,"https://www.google.com/maps/search/?api=1&query=19.9205884,-97.96814099999999",19.9205884,-97.968141
44555,SAN LUIS POTOSI 10316 - AVENIDA PUEBLA,POPULAR CASTILLOTLA,PUEBLA,"POPULAR CASTILLOTLA, PUEBLA, Pue",HOMICIDIO,"https://www.google.com/maps/search/?api=1&query=18.9976914,-98.2370212",18.9976914,-98.2370212
44582,ACOCOTLA S-N,LA JOYA (AGROPECUARIA TENEXTEPEC),ATLIXCO,"LA JOYA (AGROPECUARIA TENEXTEPEC), ATLIXCO, Pue",HOMICIDIO,"https://www.google.com/maps/search/?api=1&query=18.9185808,-98.4109948",18.9185808,-98.4109948
44590,AUTOPISTA PUEBLA ORIZABA A LA ALTURA DEL KILÓMETRO 219,SAN JOSÉ ESPERANZA,ESPERANZA,"SAN JOSÉ ESPERANZA, ESPERANZA, Pue",HOMICIDIO,"https://www.google.com/maps/search/?api=1&query=19.0412894,-98.20620129999999",19.0412894,-98.2062013
44594,DOMICILIO CONOCIDO,ZOQUIAPAN CENTRO,ZOQUIAPAN,"ZOQUIAPAN CENTRO, ZOQUIAPAN, Pue",HOMICIDIO,"https://www.google.com/maps/search/?api=1&query=20.0097414,-97.5958979",20.0097414,-97.5958979
44598,CALLE ÁLVARO OBREGÓN Y ABELARDO RODRÍGUEZ,CORONEL TITO HERNÁNDEZ,VENUSTIANO CARRANZA,"CORONEL TITO HERNÁNDEZ, VENUSTIANO CARRANZA, Pue",HOMICIDIO,"https://www.google.com/maps/search/?api=1&query=20.4550265,-97.736283",20.4550265,-97.736283
44617,"BLVR VICENTE SUAREZ:- 19.0415514,-98.1637781",AMÉRICA SUR,PUEBLA,"AMÉRICA SUR, PUEBLA, Pue",HOMICIDIO,"https://www.google.com/maps/search/?api=1&query=19.0424603,-98.16697590000001",19.0424603,-98.1669759
44620,CARRETERA 150 TEHUACAN ORIZABA A LA ALTURA DE- CFE-,AEROPUERTO 2DA SECC,TEHUACÁN,"AEROPUERTO 2DA SECC, TEHUACÁN, Pue",HOMICIDIO,"https://www.google.com/maps/search/?api=1&query=18.4665063,-97.40038009999999",18.4665063,-97.4003801
44622,143E PTE - 17 Y 19 SUR 1735,JARDINES DE SAN RAMÓN,PUEBLA,"JARDINES DE SAN RAMÓN, PUEBLA, Pue",HOMICIDIO,"https://www.google.com/maps/search/?api=1&query=18.9719742,-98.2599285",18.9719742,-98.2599285
44633,CAMINO REAL AL BOSQUE ESQ. ALCATRAZ,SANTA LUCIA,PUEBLA,"SANTA LUCIA, PUEBLA, Pue",HOMICIDIO,"https://www.google.com/maps/search/?api=1&query=20.1937749,-97.3489729",20.1937749,-97.3489729
44635,MINA S-N,BARRIO SAN JUAN,ACATLÁN,"BARRIO SAN JUAN, ACATLÁN, Pue",HOMICIDIO,"https://www.google.com/maps/search/?api=1&query=18.2030483,-98.0472004",18.2030483,-98.0472004
44637,CALLE GONZÁLEZ ORTEGA,LA GUADALUPANA,ZACATLÁN,"LA GUADALUPANA, ZACATLÁN, Pue",HOMICIDIO,"https://www.google.com/maps/search/?api=1&query=19.9308538,-97.96293899999999",19.9308538,-97.962939
44644,"DOMICILIO CONOCIDO, BARRIO DE XILIAPAN",CUETZALAN DEL PROGRESO CENTRO,CUETZALAN DEL PROGRESO,"CUETZALAN DEL PROGRESO CENTRO, CUETZALAN DEL PROGRESO, Pue",HOMICIDIO,"https://www.google.com/maps/search/?api=1&query=20.0176353,-97.5233705",20.0176353,-97.5233705
44645,TERRENO DE CULTIVO DE LA COLONIA LA LUZ DE LA COMUNIDAD DE JESÚS NAZARENO,JESÚS NAZARENO,PALMAR DE BRAVO,"JESÚS NAZARENO, PALMAR DE BRAVO, Pue",HOMICIDIO,"https://www.google.com/maps/search/?api=1&query=18.8800499,-97.624978",18.8800499,-97.624978
44651,AUTOPISTA TLAXCO TEJOCOTAL KM 38 + 500,MICHAC,CHIGNAHUAPAN,"MICHAC, CHIGNAHUAPAN, Pue",HOMICIDIO,"https://www.google.com/maps/search/?api=1&query=19.8527776,-98.0508333",19.8527776,-98.0508333
44662,CALLE COL.LA PERLA Y LA JOYA,LA JOYA,RAFAEL LARA GRAJALES,"LA JOYA, RAFAEL LARA GRAJALES, Pue",HOMICIDIO,"https://www.google.com/maps/search/?api=1&query=19.2342082,-97.80440779999999",19.2342082,-97.8044078
44676,PRIV YUCATAN NUM 203 - AVENIDA 2 SUR,EL CARMEN HUEXOTITLA,PUEBLA,"EL CARMEN HUEXOTITLA, PUEBLA, Pue",HOMICIDIO,"https://www.google.com/maps/search/?api=1&query=19.0300563,-98.20557799999999",19.0300563,-98.205578
44679,REVOLUCION - 16 DE SEPTIEMBRE E INDEPENDENCIA,EL ARENAL,SAN MARTÍN TEXMELUCAN,"EL ARENAL, SAN MARTÍN TEXMELUCAN, Pue",HOMICIDIO,"https://www.google.com/maps/search/?api=1&query=19.2886449,-98.4304173",19.2886449,-98.4304173
44685,CANAL DE SAN APARICIO AVILA CAMACHO,SAN SEBASTIÁN DE APARICIO,PUEBLA,"SAN SEBASTIÁN DE APARICIO, PUEBLA, Pue",HOMICIDIO,"https://www.google.com/maps/search/?api=1&query=19.0952333,-98.16595129999999",19.0952333,-98.1659513
44685,CALLE EMILIANO ZAPATA NUM. 2,HUAQUECHULA,HUAQUECHULA,"HUAQUECHULA, HUAQUECHULA, Pue",HOMICIDIO,"https://www.google.com/maps/search/?api=1&query=18.7683399,-98.54179660000001",18.7683399,-98.5417966
44690,Nicolás Bravo -AVENIDA REVOLUCION E HIDALGO,SANTA MARÍA MOYOTZINGO,SAN MARTÍN TEXMELUCAN,"SANTA MARÍA MOYOTZINGO, SAN MARTÍN TEXMELUCAN, Pue",HOMICIDIO,"https://www.google.com/maps/search/?api=1&query=19.2530742,-98.4101984",19.2530742,-98.4101984
44692,"CARRETERA FEDERAL APROXIMADAMENTE KM-144+500,",JALPAN CENTRO,JALPAN,"JALPAN CENTRO, JALPAN, Pue",HOMICIDIO,"https://www.google.com/maps/search/?api=1&query=20.4774239,-97.9425801",20.4774239,-97.9425801
44692,JOSEFA ORTIZ ENTRE 5 Y 7 SUR,NICOLÁS BRAVO,TEHUACÁN,"NICOLÁS BRAVO, TEHUACÁN, Pue",HOMICIDIO,"https://www.google.com/maps/search/?api=1&query=18.4684893,-97.3808206",18.4684893,-97.3808206
44698,"SAN DIEGO ECATEPEC NO, 101",CHACHAPA,AMOZOC,"CHACHAPA, AMOZOC, Pue",HOMICIDIO,"https://www.google.com/maps/search/?api=1&query=19.0475079,-98.0942681",19.0475079,-98.0942681
44699,CAMINO DE TERRACERIA,ZINACATEPEC CENTRO,ZINACATEPEC,"ZINACATEPEC CENTRO, ZINACATEPEC, Pue",HOMICIDIO,"https://www.google.com/maps/search/?api=1&query=18.3391595,-97.2396659",18.3391595,-97.2396659
44706,"COL. EL ARENAL, CAMINO A SAN PEDRO",ZAPOTITLÁN SALINAS,ZAPOTITLÁN,"ZAPOTITLÁN SALINAS, ZAPOTITLÁN, Pue",HOMICIDIO,"https://www.google.com/maps/search/?api=1&query=18.3292323,-97.4746759",18.3292323,-97.4746759
44708,3 SUR ESQUINA SAN FRANSICO,SAN MATEO MENDIZABAL,AMOZOC,"SAN MATEO MENDIZABAL, AMOZOC, Pue",HOMICIDIO,"https://www.google.com/maps/search/?api=1&query=19.03796,-98.07652879999999",19.03796,-98.0765288
44723,CALLE 5 DE FEBRERO NO. 71,AHUATA,YAONÁHUAC,"AHUATA, YAONÁHUAC, Pue",HOMICIDIO,"https://www.google.com/maps/search/?api=1&query=19.8798898,-97.46619729999999",19.8798898,-97.4661973
44733,VICENTE GUERRERO 14 ESQ MOCTEZUMA Y LA LUZ,GUADALUPE,PUEBLA,"GUADALUPE, PUEBLA, Pue",HOMICIDIO,"https://www.google.com/maps/search/?api=1&query=18.0888339,-98.12030759999999",18.0888339,-98.1203076
44739,CARRETERA ESTATAL AXOCHIAPAN - CHIAUTLA DE TAPIA A LA ALTURA DEL PARAJE DENOMINADO EL BASURERO PERTENECIENTE A LA JUNTA AUXILIAR DE TLANCUALPICAN,CHIAUTLA DE TAPIA,CHIAUTLA,"CHIAUTLA DE TAPIA, CHIAUTLA, Pue",HOMICIDIO,"https://www.google.com/maps/search/?api=1&query=18.3008961,-98.60438649999999",18.3008961,-98.6043865
44740,CALLE 16 DE SEPTIEMBRE ESQUINA 119 OTE,GRANJAS PUEBLA,PUEBLA,"GRANJAS PUEBLA, PUEBLA, Pue",HOMICIDIO,"https://www.google.com/maps/search/?api=1&query=18.9816554,-98.2329191",18.9816554,-98.2329191
44742,CANAL DE VALSEQUILLO,SAN GABRIEL TETZOYOCAN,YEHUALTEPEC,"SAN GABRIEL TETZOYOCAN, YEHUALTEPEC, Pue",HOMICIDIO,"https://www.google.com/maps/search/?api=1&query=18.7589037,-97.7009416",18.7589037,-97.7009416
44750,AVENIDA TLAXCALA Y 7 OTE,RAFAEL LARA GRAJALES CENTRO,RAFAEL LARA GRAJALES,"RAFAEL LARA GRAJALES CENTRO, RAFAEL LARA GRAJALES, Pue",HOMICIDIO,"https://www.google.com/maps/search/?api=1&query=19.2241665,-97.79999989999999",19.2241665,-97.7999999
44767,CAMINOS DE TERRACERÍA LA PARTE DE ATRÁS DE GRANJAS CARROL DE MÉXICO,LIBRES,LIBRES,"LIBRES, LIBRES, Pue",HOMICIDIO,"https://www.google.com/maps/search/?api=1&query=19.4682032,-97.68465669999999",19.4682032,-97.6846567
44784,CALLE MORELOS NO. 1 COL. CENTRO,HUEYAPAN CENTRO,HUEYAPAN,"HUEYAPAN CENTRO, HUEYAPAN, Pue",HOMICIDIO,"https://www.google.com/maps/search/?api=1&query=19.8825658,-97.4454858",19.8825658,-97.4454858
44790,IDENTRIDAD ESQUINA FEDERALISMO,UNIDAD HABITACIONAL SOLIDARIDAD NACIONAL 1,PUEBLA,"UNIDAD HABITACIONAL SOLIDARIDAD NACIONAL 1, PUEBLA, Pue",HOMICIDIO,"https://www.google.com/maps/search/?api=1&query=19.0962231,-98.1768807",19.0962231,-98.1768807
44792,CALLE HIDALGO #33,SAN LORENZO CHIAUTZINGO,CHIAUTZINGO,"SAN LORENZO CHIAUTZINGO, CHIAUTZINGO, Pue",HOMICIDIO,"https://www.google.com/maps/search/?api=1&query=19.2031007,-98.4705284",19.2031007,-98.4705284
44802,LOCALIDAD DENOMINADA CARACOLES,CARACOLES,TENAMPULCO,"CARACOLES, TENAMPULCO, Pue",HOMICIDIO,"https://www.google.com/maps/search/?api=1&query=20.1703504,-97.4054731",20.1703504,-97.4054731
44809,CALLE 7 PONIENTE # 51,TETELA DE OCAMPO,TETELA DE OCAMPO,"TETELA DE OCAMPO, TETELA DE OCAMPO, Pue",HOMICIDIO,"https://www.google.com/maps/search/?api=1&query=19.8115842,-97.8096037",19.8115842,-97.8096037
44812,CALZADA OAXACA #3108,FRANCISCO I MADERO,ATLIXCO,"FRANCISCO I MADERO, ATLIXCO, Pue",HOMICIDIO,"https://www.google.com/maps/search/?api=1&query=18.8942983,-98.4383007",18.8942983,-98.4383007
44832,PRIVADA CENTRAL NUM 2-JORGE MURAD,UNIDAD SAN ANGEL,PUEBLA,"UNIDAD SAN ANGEL, PUEBLA, Pue",HOMICIDIO,"https://www.google.com/maps/search/?api=1&query=19.0297689,-98.1454632",19.0297689,-98.1454632
44838,AVENIDA MEXICO ESQ 6 NORTE,SAN JUAN TLAUTLA,SAN PEDRO CHOLULA,"SAN JUAN TLAUTLA, SAN PEDRO CHOLULA, Pue",HOMICIDIO,"https://www.google.com/maps/search/?api=1&query=19.0949896,-98.3577038",19.0949896,-98.3577038
44855,LÍNEA DE PEMEX,XICOTEPEC CENTRO,XICOTEPEC,"XICOTEPEC CENTRO, XICOTEPEC, Pue",HOMICIDIO,"https://www.google.com/maps/search/?api=1&query=20.3842838,-97.8823647",20.3842838,-97.8823647
44861,5 SUR ESQ 3 PONIENTE,TZICATLACOYAN,TZICATLACOYAN,"TZICATLACOYAN, TZICATLACOYAN, Pue",HOMICIDIO,"https://www.google.com/maps/search/?api=1&query=18.839323,-98.04553399999999",18.839323,-98.045534
44863,CALLE TOLTECA.,FRACCIONAMIENTO MONTERREY,HUAUCHINANGO,"FRACCIONAMIENTO MONTERREY, HUAUCHINANGO, Pue",HOMICIDIO,"https://www.google.com/maps/search/?api=1&query=20.1650298,-98.0618631",20.1650298,-98.0618631
44873,LA ZONA ARQUEOLOGICA,SAN DIEGO CHALMA,TEHUACÁN,"SAN DIEGO CHALMA, TEHUACÁN, Pue",HOMICIDIO,"https://www.google.com/maps/search/?api=1&query=18.4360818,-97.365161",18.4360818,-97.365161
44893,17 SUR ESQ. 31 PTE,LOS VOLCANES,PUEBLA,"LOS VOLCANES, PUEBLA, Pue",HOMICIDIO,"https://www.google.com/maps/search/?api=1&query=19.0392463,-98.2144627",19.0392463,-98.2144627
44913,PROLONGACIÓN DE INDEPENDENCIA COL. NUEVA,HUEYTAMALCO CENTRO,HUEYTAMALCO,"HUEYTAMALCO CENTRO, HUEYTAMALCO, Pue",HOMICIDIO,"https://www.google.com/maps/search/?api=1&query=19.9393905,-97.2888917",19.9393905,-97.2888917
44916,AVENIDA CAMINO REAL,SANTA MARÍA MOYOTZINGO,SAN MARTÍN TEXMELUCAN,"SANTA MARÍA MOYOTZINGO, SAN MARTÍN TEXMELUCAN, Pue",HOMICIDIO,"https://www.google.com/maps/search/?api=1&query=19.2530742,-98.4101984",19.2530742,-98.4101984
44921,DOMICILIO CONOCIDO - LOC. PLAN DE AYALA - COL. EL SOMBRERETE,TLACUILOTEPEC,TLACUILOTEPEC,"TLACUILOTEPEC, TLACUILOTEPEC, Pue",HOMICIDIO,"https://www.google.com/maps/search/?api=1&query=20.3258174,-98.06854009999999",20.3258174,-98.0685401
43881,LIBERTAD NO. 2 ESQ. ADOLFO LÓPEZ MATEOS,LA RESURRECCIÓN,PUEBLA,"LA RESURRECCIÓN, PUEBLA, Pue",PRIVACIÓN DE LA LIBERTAD,"https://www.google.com/maps/search/?api=1&query=19.0869018,-98.1358018",19.0869018,-98.1358018
43893,CAMINO A PUEBLO NUEVO,PALOS CAIDOS,ZACATLÁN,"PALOS CAIDOS, ZACATLÁN, Pue",PRIVACIÓN DE LA LIBERTAD,"https://www.google.com/maps/search/?api=1&query=19.9440858,-97.95979899999999",19.9440858,-97.959799
43938,GRAN AVENIDA - PEDRERA,UNIDAD HABITACIONAL LAS CUARTILLAS,PUEBLA,"UNIDAD HABITACIONAL LAS CUARTILLAS, PUEBLA, Pue",PRIVACIÓN DE LA LIBERTAD,"https://www.google.com/maps/search/?api=1&query=19.0672473,-98.2066031",19.0672473,-98.2066031
43968,CALLE ALLENDE NUMERO 74,VILLA CHIETLA,CHIETLA,"VILLA CHIETLA, CHIETLA, Pue",PRIVACIÓN DE LA LIBERTAD,"https://www.google.com/maps/search/?api=1&query=18.5191543,-98.57622239999999",18.5191543,-98.5762224
43978,123 PTE ESQ BENITO JUAREZ,SAN BARTOLO COATEPEC,PUEBLA,"SAN BARTOLO COATEPEC, PUEBLA, Pue",PRIVACIÓN DE LA LIBERTAD,"https://www.google.com/maps/search/?api=1&query=18.9593565,-98.2670382",18.9593565,-98.2670382
44009,MATAMOROS NUM 2,HUACHINANTLA,JOLALPAN,"HUACHINANTLA, JOLALPAN, Pue",PRIVACIÓN DE LA LIBERTAD,"https://www.google.com/maps/search/?api=1&query=18.28426,-98.9700469",18.28426,-98.9700469
44014,SANTA MARÍA ACERRADERO,TLACHICHUCA,TLACHICHUCA,"TLACHICHUCA, TLACHICHUCA, Pue",PRIVACIÓN DE LA LIBERTAD,"https://www.google.com/maps/search/?api=1&query=19.1128157,-97.4192087",19.1128157,-97.4192087
44085,ARTICULO 18 ENTRE CALLE 3 SUR Y CONSTITUYENTES,CONSTITUCIÓN MEXICANA,PUEBLA,"CONSTITUCIÓN MEXICANA, PUEBLA, Pue",PRIVACIÓN DE LA LIBERTAD,"https://www.google.com/maps/search/?api=1&query=18.9557022,-98.23633749999999",18.9557022,-98.2363375
44092,EN LA PRESIDENCIA AUXILIAR,SAN ANTONIO TLACAMILCO,ACAJETE,"SAN ANTONIO TLACAMILCO, ACAJETE, Pue",PRIVACIÓN DE LA LIBERTAD,"https://www.google.com/maps/search/?api=1&query=19.062225,-97.932225",19.062225,-97.932225
44092,REVOLUCION NUM 402 ESQ,RANCHO LA FORTUNA,SAN ANDRÉS CHOLULA,"RANCHO LA FORTUNA, SAN ANDRÉS CHOLULA, Pue",PRIVACIÓN DE LA LIBERTAD,"https://www.google.com/maps/search/?api=1&query=19.0393317,-98.2610726",19.0393317,-98.2610726
44102,REVOLUCION NUM 13 ESQ MANUEL SANTIBAÑES Y MIGUEL HIDALGO,LOMAS DE 5 DE MAYO,PUEBLA,"LOMAS DE 5 DE MAYO, PUEBLA, Pue",PRIVACIÓN DE LA LIBERTAD,"https://www.google.com/maps/search/?api=1&query=19.0414398,-98.2062727",19.0414398,-98.2062727
44112,6 OTE Y 5 DE MAYO,PUEBLA CENTRO,PUEBLA,"PUEBLA CENTRO, PUEBLA, Pue",PRIVACIÓN DE LA LIBERTAD,"https://www.google.com/maps/search/?api=1&query=19.0437335,-98.1980244",19.0437335,-98.1980244
44117,CALLE PRINCIPAL S-N,VENUSTIANO CARRANZA CENTRO,VENUSTIANO CARRANZA,"VENUSTIANO CARRANZA CENTRO, VENUSTIANO CARRANZA, Pue",PRIVACIÓN DE LA LIBERTAD,"https://www.google.com/maps/search/?api=1&query=20.5057301,-97.664306",20.5057301,-97.664306
44120,CARRETERA FEDERAL TLAXCO TEJOCOTAL,SAN JOSE MAQUIXTLA,ZACATLÁN,"SAN JOSE MAQUIXTLA, ZACATLÁN, Pue",PRIVACIÓN DE LA LIBERTAD,"https://www.google.com/maps/search/?api=1&query=19.924668,-97.9678004",19.924668,-97.9678004
44146,4 PTE ESQ. 3 NTE,LAS VEGAS,AMOZOC,"LAS VEGAS, AMOZOC, Pue",PRIVACIÓN DE LA LIBERTAD,"https://www.google.com/maps/search/?api=1&query=19.062787,-98.0400406",19.062787,-98.0400406
44165,CALLE 1RA DE MAYO,AYEHUALULCO BARRIO,ZACATLÁN,"AYEHUALULCO BARRIO, ZACATLÁN, Pue",PRIVACIÓN DE LA LIBERTAD,"https://www.google.com/maps/search/?api=1&query=19.9501516,-97.9583516",19.9501516,-97.9583516
44184,SONORA NORTE # 702 ENTRE QUERETARO Y JALISCO,MÉXICO 68 NTE,TEHUACÁN,"MÉXICO 68 NTE, TEHUACÁN, Pue",PRIVACIÓN DE LA LIBERTAD,"https://www.google.com/maps/search/?api=1&query=18.5034054,-97.4022728",18.5034054,-97.4022728
44204,43 ORIENTE 2404-8 - 24 SUR,FRACCIONAMIENTO EL MIRADOR,PUEBLA,"FRACCIONAMIENTO EL MIRADOR, PUEBLA, Pue",PRIVACIÓN DE LA LIBERTAD,"https://www.google.com/maps/search/?api=1&query=19.0232292,-98.1932777",19.0232292,-98.1932777
44218,CALLE 3 NORTE 108 ENTRE AVENIDA NACIONAL O 2 PTE,SAN MATEO MENDIZABAL,AMOZOC,"SAN MATEO MENDIZABAL, AMOZOC, Pue",PRIVACIÓN DE LA LIBERTAD,"https://www.google.com/maps/search/?api=1&query=19.03796,-98.07652879999999",19.03796,-98.0765288
44241,CALLE HIDALGO 132,MÉXICO 83,PUEBLA,"MÉXICO 83, PUEBLA, Pue",PRIVACIÓN DE LA LIBERTAD,"https://www.google.com/maps/search/?api=1&query=19.0832517,-98.1700496",19.0832517,-98.1700496
44243,AVENIDACARRETERA Y AVENIDA JUAREZ,SAN JOSÉ EL RINCON,PUEBLA,"SAN JOSÉ EL RINCON, PUEBLA, Pue",PRIVACIÓN DE LA LIBERTAD,"https://www.google.com/maps/search/?api=1&query=18.8859959,-98.19932759999999",18.8859959,-98.1993276
44278,"CALLE GUADALUPE NUM.10, SAN FRANCISCO CUAUTLANCINGO",FUENTES DE GUADALUPE,CHALCHICOMULA DE SESMA,"FUENTES DE GUADALUPE, CHALCHICOMULA DE SESMA, Pue",PRIVACIÓN DE LA LIBERTAD,"https://www.google.com/maps/search/?api=1&query=18.9930976,-97.4427451",18.9930976,-97.4427451
44291,"CARRETERA A CANO KILOMETRO 5-19.1174697,-98.1400652",SANTIAGO DE LOS LEONES,PUEBLA,"SANTIAGO DE LOS LEONES, PUEBLA, Pue",PRIVACIÓN DE LA LIBERTAD,"https://www.google.com/maps/search/?api=1&query=19.1169736,-98.1413663",19.1169736,-98.1413663
44319,8 A PONIWENTE Y 43 NORTE,FRACCIONAMIENTO VALLE DEL REY,PUEBLA,"FRACCIONAMIENTO VALLE DEL REY, PUEBLA, Pue",PRIVACIÓN DE LA LIBERTAD,"https://www.google.com/maps/search/?api=1&query=19.0648889,-98.2264247",19.0648889,-98.2264247
44321,"CAMINO A LOS PINOS S-N BARRIO SAN JOSÉ, GRANJA PORCINA LUIS FERNANDO",BARRIO SAN MARTÍN DE PORRES,TECAMACHALCO,"BARRIO SAN MARTÍN DE PORRES, TECAMACHALCO, Pue",PRIVACIÓN DE LA LIBERTAD,"https://www.google.com/maps/search/?api=1&query=18.8836792,-97.71587269999999",18.8836792,-97.7158727
44334,KILOMETRO 17+800,INFONAVIT AGUA SANTA,PUEBLA,"INFONAVIT AGUA SANTA, PUEBLA, Pue",PRIVACIÓN DE LA LIBERTAD,"https://www.google.com/maps/search/?api=1&query=18.9877725,-98.2445422",18.9877725,-98.2445422
44343,CARRETERA A SAN PABLO DEL MONTE ESQ. CALLE LOS PINOS,POTRERO DE MARÍA,PUEBLA,"POTRERO DE MARÍA, PUEBLA, Pue",PRIVACIÓN DE LA LIBERTAD,"https://www.google.com/maps/search/?api=1&query=19.0992654,-98.1790947",19.0992654,-98.1790947
44388,N. HEROES NUM 1816 ENTRE OYAMEL Y JACARANDAS,FRACCIONAMIENTO LOMA REAL,PUEBLA,"FRACCIONAMIENTO LOMA REAL, PUEBLA, Pue",PRIVACIÓN DE LA LIBERTAD,"https://www.google.com/maps/search/?api=1&query=19.1065736,-98.2218106",19.1065736,-98.2218106
44392,AVENIDA 25 PONIENTE - C. 3 SUR,BARRIO SAN PABLO TECAMAC,SAN PEDRO CHOLULA,"BARRIO SAN PABLO TECAMAC, SAN PEDRO CHOLULA, Pue",PRIVACIÓN DE LA LIBERTAD,"https://www.google.com/maps/search/?api=1&query=19.0527754,-98.3074754",19.0527754,-98.3074754
44392,MIGUEL HIDALGO MZ 1 LOTE 17 - CALLE INSURGENTES,SANTA MARÍA XONACATEPEC,PUEBLA,"SANTA MARÍA XONACATEPEC, PUEBLA, Pue",PRIVACIÓN DE LA LIBERTAD,"https://www.google.com/maps/search/?api=1&query=19.0856554,-98.1053379",19.0856554,-98.1053379
44404,28 DE OCT Y 10 MAYO,BARRANCA HONDA,PUEBLA,"BARRANCA HONDA, PUEBLA, Pue",PRIVACIÓN DE LA LIBERTAD,"https://www.google.com/maps/search/?api=1&query=19.1137177,-98.1980609",19.1137177,-98.1980609
44419,SANTIAGO TENANGO,SANTIAGO TENANGO,GENERAL FELIPE ÁNGELES,"SANTIAGO TENANGO, GENERAL FELIPE ÁNGELES, Pue",PRIVACIÓN DE LA LIBERTAD,"https://www.google.com/maps/search/?api=1&query=19.0036559,-97.6429869",19.0036559,-97.6429869
44434,CALLE PRINCIPAL SIN NUMERO CENTRO PLAZA COMERCIAL,RAFAEL LARA GRAJALES CENTRO,RAFAEL LARA GRAJALES,"RAFAEL LARA GRAJALES CENTRO, RAFAEL LARA GRAJALES, Pue",PRIVACIÓN DE LA LIBERTAD,"https://www.google.com/maps/search/?api=1&query=19.2241665,-97.79999989999999",19.2241665,-97.7999999
44440,SAN MATIAS LOTE 5 MZ 6 ESQ SANTA LUCIA,SANTA LUCIA,PUEBLA,"SANTA LUCIA, PUEBLA, Pue",PRIVACIÓN DE LA LIBERTAD,"https://www.google.com/maps/search/?api=1&query=20.1937749,-97.3489729",20.1937749,-97.3489729
44443,CALLE JUSTO SIERRA,BERISTAIN,AHUAZOTEPEC,"BERISTAIN, AHUAZOTEPEC, Pue",PRIVACIÓN DE LA LIBERTAD,"https://www.google.com/maps/search/?api=1&query=20.0894443,-98.1330555",20.0894443,-98.1330555
44453,CALLE 5 DE MAYO S-N COL. EL CARMEN,EL CARMEN,TEZIUTLÁN,"EL CARMEN, TEZIUTLÁN, Pue",PRIVACIÓN DE LA LIBERTAD,"https://www.google.com/maps/search/?api=1&query=19.8215717,-97.35672",19.8215717,-97.35672
44462,AVILA CAMACHO 5412 ESQ LAZARO CARDENAS Y DEFENSORES DE LA REPUBLICA,MIGUEL HIDALGO,PUEBLA,"MIGUEL HIDALGO, PUEBLA, Pue",PRIVACIÓN DE LA LIBERTAD,"https://www.google.com/maps/search/?api=1&query=19.0691852,-98.1379523",19.0691852,-98.1379523
44470,5 DE FEBRERO OTE,BARRIO SAN ANTONIO,SAN SALVADOR HUIXCOLOTLA,"BARRIO SAN ANTONIO, SAN SALVADOR HUIXCOLOTLA, Pue",PRIVACIÓN DE LA LIBERTAD,"https://www.google.com/maps/search/?api=1&query=18.9221886,-97.7654395",18.9221886,-97.7654395
44483,CALLE PRINCIPAL CASA COLOR ROSA DE DOS NIVELES,SAN ESTEBAN NECOXCALCO,SAN ANTONIO CAÑADA,"SAN ESTEBAN NECOXCALCO, SAN ANTONIO CAÑADA, Pue",PRIVACIÓN DE LA LIBERTAD,"https://www.google.com/maps/search/?api=1&query=18.4619014,-97.29799899999999",18.4619014,-97.297999
44492,15 DE MAYO ESQUINA BLLVD CARMEN SERDAN,LOS VERGELES,PUEBLA,"LOS VERGELES, PUEBLA, Pue",PRIVACIÓN DE LA LIBERTAD,"https://www.google.com/maps/search/?api=1&query=19.0414398,-98.2062727",19.0414398,-98.2062727
44492,GUADALUPE VICTORIA ESQ INDEPENDENCIA,SAN JOSÉ CHAPULCO,PUEBLA,"SAN JOSÉ CHAPULCO, PUEBLA, Pue",PRIVACIÓN DE LA LIBERTAD,"https://www.google.com/maps/search/?api=1&query=18.9763656,-98.21924729999999",18.9763656,-98.2192473
44509,"CLARA CÓRDOVA MZ 12 LT3,",AMPLIACION UNIÓN ANTORCHISTA,PUEBLA,"AMPLIACION UNIÓN ANTORCHISTA, PUEBLA, Pue",PRIVACIÓN DE LA LIBERTAD,"https://www.google.com/maps/search/?api=1&query=18.9572941,-98.26335429999999",18.9572941,-98.2633543
44514,SANTA PATRICIA PINOS MANZANA 25 LOTE 15 ESQ AVENIDA SAN FRANCISCO,ARBOLEDAS DE SANTA LUCIA,PUEBLA,"ARBOLEDAS DE SANTA LUCIA, PUEBLA, Pue",PRIVACIÓN DE LA LIBERTAD,"https://www.google.com/maps/search/?api=1&query=20.1937749,-97.3489729",20.1937749,-97.3489729
44550,CARRETERA HACIA SAN PEDRO IXTLA,SAN PEDRO IXTLA,XICOTEPEC,"SAN PEDRO IXTLA, XICOTEPEC, Pue",PRIVACIÓN DE LA LIBERTAD,"https://www.google.com/maps/search/?api=1&query=20.2651202,-97.929258",20.2651202,-97.929258
44553,CALLE ALDAMA 515 ESQUINA CALLE CHIAPAS,SAN SEBASTIÁN VILLANUEVA,ACATZINGO,"SAN SEBASTIÁN VILLANUEVA, ACATZINGO, Pue",PRIVACIÓN DE LA LIBERTAD,"https://www.google.com/maps/search/?api=1&query=19.0578169,-97.719386",19.0578169,-97.719386
44560,4TA. DE VICTORIA,BARRIO SANTA CRUZ TECOXCO,IZÚCAR DE MATAMOROS,"BARRIO SANTA CRUZ TECOXCO, IZÚCAR DE MATAMOROS, Pue",PRIVACIÓN DE LA LIBERTAD,"https://www.google.com/maps/search/?api=1&query=18.5979873,-98.4767013",18.5979873,-98.4767013
44575,"CALLE ZARAGOZA, CALLE EMILIO CARRANSA, SAN ANTONIO SOLEDAD",BARRIO DE GUADALUPE,CAÑADA MORELOS,"BARRIO DE GUADALUPE, CAÑADA MORELOS, Pue",PRIVACIÓN DE LA LIBERTAD,"https://www.google.com/maps/search/?api=1&query=18.7368486,-97.4252917",18.7368486,-97.4252917
44603,DOMICILIO CONOCIDO,JICOLAPA,ZACATLÁN,"JICOLAPA, ZACATLÁN, Pue",PRIVACIÓN DE LA LIBERTAD,"https://www.google.com/maps/search/?api=1&query=19.96422,-97.9674599",19.96422,-97.9674599
44612,EMILIANO ZAPATA - JOSEFA ORTIZ DE DOMINGUEZ,NUEVO PLAN DE AYALA,PUEBLA,"NUEVO PLAN DE AYALA, PUEBLA, Pue",PRIVACIÓN DE LA LIBERTAD,"https://www.google.com/maps/search/?api=1&query=18.962195,-98.27258189999999",18.962195,-98.2725819
44619,,INDEPENDENCIA,PUEBLA,"INDEPENDENCIA, PUEBLA, Pue",PRIVACIÓN DE LA LIBERTAD,"https://www.google.com/maps/search/?api=1&query=19.072222,-98.25206399999999",19.072222,-98.252064
44645,DOMICILIO CONOCIDO,ZACATLÁN CENTRO,ZACATLÁN,"ZACATLÁN CENTRO, ZACATLÁN, Pue",PRIVACIÓN DE LA LIBERTAD,"https://www.google.com/maps/search/?api=1&query=19.933487,-97.96064849999999",19.933487,-97.9606485
44663,C. 44 NTE ESQUINA MIGUEL HIDALGO,SAN LUIS GONZAGA,PUEBLA,"SAN LUIS GONZAGA, PUEBLA, Pue",PRIVACIÓN DE LA LIBERTAD,"https://www.google.com/maps/search/?api=1&query=19.0451515,-98.1603165",19.0451515,-98.1603165
44663,CORREGIDORA,XICOTEPEC CENTRO,XICOTEPEC,"XICOTEPEC CENTRO, XICOTEPEC, Pue",PRIVACIÓN DE LA LIBERTAD,"https://www.google.com/maps/search/?api=1&query=20.3842838,-97.8823647",20.3842838,-97.8823647
44678,REFORMA,SAN ANTONIO MIAHUACAN,CORONANGO,"SAN ANTONIO MIAHUACAN, CORONANGO, Pue",PRIVACIÓN DE LA LIBERTAD,"https://www.google.com/maps/search/?api=1&query=19.1505473,-98.3066271",19.1505473,-98.3066271
44678,SEGUNDA PRIVADA D 2 NORTE NUMERO 32 - 2 NORTE Y LA VIA,CHACHAPA,AMOZOC,"CHACHAPA, AMOZOC, Pue",PRIVACIÓN DE LA LIBERTAD,"https://www.google.com/maps/search/?api=1&query=19.0475079,-98.0942681",19.0475079,-98.0942681
44688,CALLE JORGE MURAD Y CENTRAL DE SAN ANGEL,SAN ÁNGEL,PUEBLA,"SAN ÁNGEL, PUEBLA, Pue",PRIVACIÓN DE LA LIBERTAD,"https://www.google.com/maps/search/?api=1&query=19.0330672,-98.1917404",19.0330672,-98.1917404
44693,TLANEPANTLA,Quimixtlán CENTRO,QUIMIXTLÁN,"Quimixtlán CENTRO, QUIMIXTLÁN, Pue",PRIVACIÓN DE LA LIBERTAD,"https://www.google.com/maps/search/?api=1&query=19.2537792,-97.1369256",19.2537792,-97.1369256
44714,M. HIDALGO 108,SAN FRANCISCO TOTIMEHUACAN,PUEBLA,"SAN FRANCISCO TOTIMEHUACAN, PUEBLA, Pue",PRIVACIÓN DE LA LIBERTAD,"https://www.google.com/maps/search/?api=1&query=18.9736798,-98.19669429999999",18.9736798,-98.1966943
44742,11 SUR FRENTE AL NUMERAL 14709-MARGARITAS,SAN JOSÉ LOS PINOS,PUEBLA,"SAN JOSÉ LOS PINOS, PUEBLA, Pue",PRIVACIÓN DE LA LIBERTAD,"https://www.google.com/maps/search/?api=1&query=19.0017004,-98.2380467",19.0017004,-98.2380467
44768,114 PTE &,CONJUNTO HABITACIONAL DEL VALLE,PUEBLA,"CONJUNTO HABITACIONAL DEL VALLE, PUEBLA, Pue",PRIVACIÓN DE LA LIBERTAD,"https://www.google.com/maps/search/?api=1&query=19.0972248,-98.22061430000001",19.0972248,-98.2206143
44770,CARRETERA SAN JUAN ATENCO - COYOTEPEC,ALJOJUCA,ALJOJUCA,"ALJOJUCA, ALJOJUCA, Pue",PRIVACIÓN DE LA LIBERTAD,"https://www.google.com/maps/search/?api=1&query=19.0977497,-97.53176309999999",19.0977497,-97.5317631
44786,RIO HONDO S-N,MAXIMINO ÁVILA CAMACHO,ATLIXCO,"MAXIMINO ÁVILA CAMACHO, ATLIXCO, Pue",PRIVACIÓN DE LA LIBERTAD,"https://www.google.com/maps/search/?api=1&query=18.9115453,-98.42356280000001",18.9115453,-98.4235628
44822,16 DE SEPT - BOULEVARD LAS TORRES,16 DE SEPTIEMBRE SUR,PUEBLA,"16 DE SEPTIEMBRE SUR, PUEBLA, Pue",PRIVACIÓN DE LA LIBERTAD,"https://www.google.com/maps/search/?api=1&query=18.994059,-98.21924729999999",18.994059,-98.2192473
44828,PVDA GASEODUCTO N. 6-4 - AVENIDA GASEODUCTO Y INDUSTRIA,SAN PABLO XOCHIMEHUACAN,PUEBLA,"SAN PABLO XOCHIMEHUACAN, PUEBLA, Pue",PRIVACIÓN DE LA LIBERTAD,"https://www.google.com/maps/search/?api=1&query=19.0929469,-98.2007943",19.0929469,-98.2007943
44863,AVENIDA JUAREZ Y 11 OTE,TECAMACHALCO,TECAMACHALCO,"TECAMACHALCO, TECAMACHALCO, Pue",PRIVACIÓN DE LA LIBERTAD,"https://www.google.com/maps/search/?api=1&query=18.8819104,-97.7327256",18.8819104,-97.7327256
44874,AVENIDA 16 DE SEPT-3 SUR -PRIV MIGUEL DE LA MADRID,UNIDAD HABITACIONAL SANTE,PUEBLA,"UNIDAD HABITACIONAL SANTE, PUEBLA, Pue",PRIVACIÓN DE LA LIBERTAD,"https://www.google.com/maps/search/?api=1&query=19.0414398,-98.2062727",19.0414398,-98.2062727
44880,CALLE DEL RIO,SANTA CRUZ TEHUIXPANGO,ATLIXCO,"SANTA CRUZ TEHUIXPANGO, ATLIXCO, Pue",PRIVACIÓN DE LA LIBERTAD,"https://www.google.com/maps/search/?api=1&query=18.9319554,-98.3990553",18.9319554,-98.3990553
