Address,latitude,longitude
"AVENIDA 5 DE MAYO ESQ 16 OTE, FRACCIONAMIENTO SAN GABRIEL, SAN PEDRO CHOLULA, Puebla",,
"BOULEVARD NORTE Y AVENIDA DE LA PEDRERA, LAS CUARTILLAS, PUEBLA, Puebla",,
"EMILIANO ZAPATA -ZARAGOZA, TLILOSTOC, PUEBLA, Puebla",,
"15 NORTE ANDADOR 2 EDIFICIO 1015 ESQ 12 OTE, EL GARAMBUYO, TEHUACÁN, Puebla",,
"CALLE MELCHOR OCAMPO NUMERO 307, LOS REYES DE JUÁREZ, LOS REYES DE JUÁREZ, Puebla",,
"50 PONIENTE 2509 ESQ 27 NORTE, JOSÉ CLEOTILDE DE TORRES RAMOS, PUEBLA, Puebla",,
"50 PONIENTE 914 - 9 Y 11 NORTE, SANTA MARÍA, PUEBLA, Puebla",,
"CALLE 3 DE JUNIO NUM 24 ESQ BENITO JUAREZ, LA RESURRECCIÓN, PUEBLA, Puebla",,
"CALLE 12 PTE 505 LETRA S ESQ 5 NTE CHOLULA DE RIVADAVIA, CHOLULA DE RIVADAVIA, SAN PEDRO CHOLULA, Puebla",,
"PRIVADA 12 A SUR 9717 97 OTE, ARBOLEDAS DE COMAXTILLA, PUEBLA, Puebla",,
"VIOLETAS N° 5823 ESQ 16 DE SEPTIEMBRE, SAN DIEGO MANZANILLA, PUEBLA, Puebla",,
"MANUEL AVILA CAMACHO ESQ PRIVADA 6 DE ENERO, SANTA MARÍA MOYOTZINGO, SAN MARTÍN TEXMELUCAN, Puebla",,
"23 DE MAYO ESQUINA 28 DE OCTUBRE, BARRANCA ONDA, PUEBLA, Puebla",,
"AVENIDA ALVARO OBREGON N.18, TLACOTEPEC DE BENITO JUÁREZ CENTRO, TLACOTEPEC DE BENITO JUÁREZ, Puebla",,
"CALLE PROGRESO 22 - FCO VILLA Y CONSTITUCION, SANTA BARBARA ALMOLOYA, SAN PEDRO CHOLULA, Puebla",,
"CALLE IGNACIO ZARAGOZA Y GUADALUPE VICTORIA, SAN CRISTÓBAL CALERAS, PUEBLA, Puebla",,
"3 ERA PRIVADA DE OCOTAL NO.8, BARRIO EL CRISTO, PUEBLA, Puebla",,
"PROL DELA 16 DE SEPT Y 3 SUR, UNIDAD HABITACIONAL PASEO DE LOS VOLCANES, PUEBLA, Puebla",,
"CALLE DIAGONAL GUADALUPE Y CALLE BENITO JUAREZ, POTRERO DE MARÍA, PUEBLA, Puebla",,
"117 PTE. CALLE BENITO JUÁREZ Y PINOS, INFONAVIT AGUA SANTA, PUEBLA, Puebla",,
"CARRETERA VALSEQUILLO, BARRIO DE GUADALUPE, PUEBLA, Puebla",,
"CARRETERA FEDERAL A TEHUACAN, AZTECA, AMOZOC, Puebla",,
"CARRETERA INTERSERRANA ZACATLÁN-AHUAcatlán, ATZINGO, ZACATLÁN, Puebla",,
"JUAN DE GRIJALVA #8112 ESQUINA RIO PAPAGAYO, TRES CRUCES 1EA SECC, PUEBLA, Puebla",,
"AVENIDA INSURGENTES NÚMERO 1 DE LA JUNTA AUXILIAR DE ACTIPAN DE MORELOS, ACTIPAN DE MORELOS, ACATZINGO, Puebla",,
"CALLE PINO SUAREZ ESQ CALLE PRIVAVA SIN NOM BRE, BARRIO DE GUADALUPE, Juan C. Bonilla, Puebla",,
"PRIV 141 B PTE #1508 ESQ 15 SUR, SAN BERNABE TEMOXTITLA 1RA SECC, PUEBLA, Puebla",,
"CAMINO A EX HACIENDA DE CUAPILCO, BARRIO CUARTO, HUEJOTZINGO, Puebla",,
"AVENIDA REFORMA NUM 530, PUEBLA CENTRO, PUEBLA, Puebla",,
"CALLE 38 NORTE NUM 1016 ESQ 10 ORIENTE, LOS REMEDIOS, PUEBLA, Puebla",,
"SAN FRANCISCO ESQ ALCATRAZ, ARBOLEDAS DE SANTA LUCIA, PUEBLA, Puebla",,
"CALLE E. ZAPTA NTE Y CALLE RESURRRECCION, LA RESURRECCIÓN, PUEBLA, Puebla",,
"PINO SUARES LOTE 2 MZ 10 ENTRE PRESA Y LUZ, GUADALUPE HIDALGO, PUEBLA, Puebla",,
"28 ORIENTE 1806 ESQ ENTRE 26 ORIENTE, XONACA, PUEBLA, Puebla",,
"27 PTE #102 AC ESQUINA 16 DE SEPTIEMBRE, EL CARMEN, PUEBLA, Puebla",,
"4 NTE NUM 220, CHACHAPA, AMOZOC, Puebla",,
"123 PTE ESQ 16 SEP, INFONAVIT FUENTES DE SAN BARTOLO, PUEBLA, Puebla",,
"CALLE JOSE MARIA MORELOS, AYEHUALULCO BARRIO, ZACATLÁN, Puebla",,
"CALLE SANTA ELVIRA MAN 2 LOTE 1 ESQ CAMINO VIEJO A BALCONES, SANTA LUCIA, PUEBLA, Puebla",,
"REFORMA ESQ 11 SUR, PUEBLA CENTRO, PUEBLA, Puebla",,
"CALLE CASA BLANCA NUMERO 2114 Y AVENIDA DE LA JUVENTUD, AGUA BLANCA I, TEHUACÁN, Puebla",,
"CARRETERA FEDERAL VIA XALAPA - 18.9730221,-97.7572696, ACATZINGO CENTRO, ACATZINGO, Puebla",,
"CALLE 2DA PRIV DE LA 32 NORTE 2615 ESQ PINO SUAREZ, XONACA, PUEBLA, Puebla",,
"CALLE PRICIPAL DEL SALADO, TECAMACHALCO, TECAMACHALCO, Puebla",,
"CARRETERA IZUCAR-ATLIXCO, TATETLA, IZÚCAR DE MATAMOROS, Puebla",,
"BOULEVARD NTE - 15 Y NACOZARI, LA LOMA, PUEBLA, Puebla",,
"CATEMACO ESQUINA CANTERA - 19.039444, -98.129914, VERACRUZ, PUEBLA, Puebla",,
"CALLE NUM 7 NUM 21, FRACCIONAMIENTO REAL CAMPESTRE, PUEBLA, Puebla",,
"RAYON NUM 30 - ALDAMA, IGNACIO ROMERO VARGAS, PUEBLA, Puebla",,
"CALLE 7 NTE, BARRIO SANTO ENTIERRO, ACAJETE, Puebla",,
"AVENIDA JACARANDAS 04 ESQ FERNANDO MONTES DE OCA, EL ENCINAL, PUEBLA, Puebla",,
"FELIPE CARRILO PUERTO NUM 12A ESQ 16 OTE Y AMERICA NORTE, VALLE REAL, SAN ANDRÉS CHOLULA, Puebla",,
"CALLE HIDALGO NUM 306 ESQ 3 SUR, LA LIBERTAD, PUEBLA, Puebla",,
"PROL DE LA 2 SUR Y 113 OTE, LOMAS DEL SOL, PUEBLA, Puebla",,
"CALLE CLAVELES NUM 39 ENTRE ESQ ORQUIDEAS, CASA BLANCA, AMOZOC, Puebla",,
"AVENIDA BENITO JUAREZ 132, ENTRE 5 Y 7 ORIENTE, CUACNOPALAN, PALMAR DE BRAVO, Puebla",,
"14 PTE ESQ 3 NTE, PUEBLA CENTRO, PUEBLA, Puebla",,
"RETORNO DE LA 6 ORIENTE B 2055 CASA 1, FRACCIONAMIENTO MAGNOLIAS, PUEBLA, Puebla",,
"PRIV. SAN ISIDRO NO. 22, XAXALA, CHIGNAUTLA, Puebla",,
"PLUTARCO ELIA CALLES #4112 ESQ BARRANCA SECA, VALLE SUR, ATLIXCO, Puebla",,
"12 PTE NUM 2111 - DIAG DEF DE LA REP, JESÚS GARCÍA, PUEBLA, Puebla",,
"CALLE SAN JERONIMO SIN NUMERO-, DEPORTIVA, SAN MARTÍN TEXMELUCAN, Puebla",,
"COMPLEJO MEDICO GONZALO RIO ARRONTE DEL MUNICIPIO DE ATLIXCO, GUADALUPE VICTORIA, ATLIXCO, Puebla",,
"SAN JUAN DIEGO NUM 65 ESQ MARIA REYNA, FRACCIONAMIENTO BARRIO ARBOLEDAS, PUEBLA, Puebla",,
"FCO I MADERO 1912 ESQ 16 DE SEPTIEMBRE, LA ASUNCIÓN, PUEBLA, Puebla",,
"ERRO DE TRES CRUCES CUACNOPALAN, A INMEDIACIONES DE LA CARRETERA CUACNOPALAN A LIMONES, PALMAR DE BRAVO, PALMAR DE BRAVO, Puebla",,
"BLVR EMILIANO ZAPATA 405 B, EL TECOLOCHE, ATLIXCO, Puebla",,
"8 SUR 7514 ESQ. 75 B OTE Y AVENIDA 75 OTE, LOMA LINDA, PUEBLA, Puebla",,
"12 OTE, BOULEVARD 5 DE MAYO, PUEBLA CENTRO, PUEBLA, Puebla",,
"CAMINO A TEPIZILA, CUAUTEMPAN, CUAUTEMPAN, Puebla",,
"DOMICILIO CONOCIDO, CUAUTEMPAN, CUAUTEMPAN, Puebla",,
"RETORNO TEJOCOTE EDIF B DEPTO 9 ESQ AVENIDA DEL ROBLE, SAN LUIS GONZAGA, PUEBLA, Puebla",,
"CALLE BENEMERITO DE LAS AMERICAS - GUELATAO COLONIA BENITO, RES BENITO JUÁREZ, PUEBLA, Puebla",,
"12 SUR 11305 -, LOS HÉROES 2DA SECC, PUEBLA, Puebla",,
"JOSE GALEANA 116-DOMINGO ARENAS, AMPLIACION DOMINGO ARENAS, TLAHUAPAN, Puebla",,
"BOULEVARD FORJADORES Y CALLE CHOLULA Y CRUCE DE ZAVALETA, INDEPENDENCIA, PUEBLA, Puebla",,
"NAGERA 204 ESQ, SAN MARTÍN TEXMELUCAN CENTRO, SAN MARTÍN TEXMELUCAN, Puebla",,
"CERRADA SANTA CECILIA DEPART 1 MOD 5 -ANDADOR SANTA ROSA Y 20 SUR, LAS TERRAZAS, PUEBLA, Puebla",,
"BOULEVARD VALSEQUILLONUM 7716 -- MANUEL ALTAMIRANO, UNIVERSIDAD, PUEBLA, Puebla",,
"CALLE ENCINO 348 - 5 SUR, EL CERRITO, PUEBLA, Puebla",,
"AVENIDA CONSTITUYENTES - ARTICULO 21, CONSTITUCIÓN MEXICANA, PUEBLA, Puebla",,
"CALLE 16 DE SEP 12102 DEP 101 ENTRE LA 121 PTE Y LA 123 OTE, GRANJAS PUEBLA, PUEBLA, Puebla",,
"ANDADOR EJE 11 NORTE 10008, VILLAS SAN GREGORIO, PUEBLA, Puebla",,
"RIO METLAPANAPA ESQ REVOLUCIÒN PTE, UNIDAD HABITACIONAL VILLA MANANTIALES, SAN PEDRO CHOLULA, Puebla",,
"PRIVADA 11 NTE 7 - 13 Y 11 NORTE, BARRIO DE SAN MIGUEL, AMOZOC, Puebla",,
"CALLE ZARAGOZA NUMERO 4-PRIV. DEL FRESNO Y PRIVADA ESFUERZO, SAN JOSÉ GUADALUPE, PUEBLA, Puebla",,
"CALLE NIÑO PERDIDO Y TEPEYAC, SAN MARTES FABRICA FANI, TEZIUTLÁN CENTRO, TEZIUTLÁN, Puebla",,
"20 DE NOVIENBRE Y LAUELES, NOCHEBUENA, PUEBLA, Puebla",,
"CALLE TROJE NUM- 11-JAGUEY Y GRANERO, FRACCIONAMIENTO LA BARRANCA, PUEBLA, Puebla",,
"AVENIDA HIDALGO S-N, SAN PEDRO YELOIXTLAHUACA CENTRO, SAN PEDRO YELOIXTLAHUACA, Puebla",,
"CARRETERA ESTATAL TEHUACAN-TEOTITLAN EN LA CURVA DE GARIBALDI, SAN DIEGO CHALMA, TEHUACÁN, Puebla",,
"117ORIENTE 1405 - 14 SUR, LOS HEROES, PUEBLA, Puebla",,
"CALLE 16 DE SEPTIEMBRE - DR GONZALO BAUTISTA, GRAL IGNACIO ZARAGOZA, PUEBLA, Puebla",,
"26 OTE 2601 ESQUINA 26 NTE, VILLAS HUMBOLDT, PUEBLA, Puebla",,
"PASEO CAROLINA ESQ OLMOS, HUEJOTZINGO, HUEJOTZINGO, Puebla",,
"BVD ATLIXCO Y CIRCUITO INTERIOR DE LAS ANIMAS, FRACCIONAMIENTO VILLAS DE LA CONCEPCIÓN, PUEBLA, Puebla",,
"CALLE LIMONES NO., SAN RAMÓN 4TA SECC, PUEBLA, Puebla",,
"AVENIDA MADRID N. 109 ESQ CON LA ROTONDA, CUAUTLANCINGO, CUAUTLANCINGO, Puebla",,
"USUARIA: OFELIA MONTALVO MONTALVO EDAD: 33 AÑOS FECHA DE NACIMIENTO: 3 ABRIL DE 1988 OCUPACIÓN: AMA DE CASA ORIGINARIA DE CHICHICAPA, AJALPAN, PUEBLA NÚMERO TELEFONICO: 2215279610 HIJOS: SOLO LA MENOR DE 12 AÑOS. NOMBRE DEL PR: AARON MARTINEZ LIRA PARENTESCO: PAREJA DESDE HACE UN AÑO APROXIMADAMENTE DE LA C. OFELIA. EDAD: 39 AÑOS FECHA DE NACIMIENTO: 27 DIC 1981 OCUPACIÓN: TRABAJA VENDIENDO ELOTES EN LA CENTRAL DE ABASTOS ORIGINARIO DE TEPETLAMPA, AJALPAN, PUEBLA. FACTORES DE RIESGO: CONSUME ALCOHOL. MENOR DE EDAD VÍCTIMA DE VIOLACIÓN NOMBRE: MAGALI PANTALEON MONTALVO DE 12 AÑOS DE EDAD CON FECHA DE NACIMIENTO 09 DE DICIMBRE DEL 2008 TEL 2226807570 DESCRIPCIÓN DEL SUCESO: AL LLEGAR AL LUGAR PRIMER RESPONDIENTE OFICIAL DAVID RAMIREZ TEMOALZA MAS 1 EN LA UNIDAD VP 125 NOS ENTREVISTAMOS CON LA MADRE DE LA MENOR MISMA QUE REFIERE QUE EL DIA DE HOY MANDA A SU HIJA A PONER MERCANCIA EN LA TIENDA Y TIENEN UNA DISCUSIÓN PORQUE LA MENOR NO QUIERE HACERLO, AL PREGUNTARLE QUE ES LO QUE LE PASA Y PORQUE EN ÚLTIMOS DÍAS LE PONE CARAS Y ESTA MOLESTA CON ELLA, LE DICE QUE LE TENGA CONFIANZA Y LE DIGA A LO QUE LA MENOR LE RESPONDE QUE SU PAPÁ AARON LA VIOLABA DESDE HACE VARIOS MESES USUARIA AL ESCUCHAR ESTO LE RECLAMA AL PR CON ÉL QUE TIENE UN AÑO VIVIENDO MISMO QUE LE DICE QUE NO ERA CIERTO QUE SOLO LA HABÍA TOCADO PERO PORQUE LA MENOR SE LE INSUNUABA, AL DISCUTIR LA SITUACIÓN, ÉL LE DICE QUE SE VA A ENTREGAR PERO HASTA EL DÍA DE MAÑANA, SE SALE PONE CANDADO Y DEJA ENCERRADAS EN EL DOMICILIO DONDE RENTAN A USUARIA Y A LA MENOR, LOGRAN SALIR LA VENTANA LO ALCANZAN Y SE SUBEN AL CARRO DICIENDOLE QUE EN ESE MOMENTO FUERAN A DENUNCIAR, PR LES DICE: ""VAMOS A MATARNOS"" LAS ANDUVO PASEANDO EN EL VEHÍCULO SE ESTACIONO Y SE BAJO EN 3 NORTE Y 10 DE MAYO SAN JOSÉ LOS CERRITOS, DICIENDO QUE IBA A VER A UN AMIGO, SE LLEVO LAS LLAVES, Y USUARIA LO QUISO ALCANZAR PERO SE DIO A LA FUGA LO QUE REGRESA AL VEHÍCULO DONDE SE HABIA QUEDADO SOLA LA MENOR, POSTERIORMENTE LO VIO PASAR EN UNA CAMIONETA, MARCANDO AL 9-1-1 Y SOLICTANDO APOYO DE LA GRUA PARA TRASLADAR EL VEHÍCULO A SU DOMICILIO DONDE RENTAN EN AQUILES SERDÁN NÚM 1012 AMPLIACIÓN MOMOXPAN. CABE MENCIONAR QUE USUARIA REFIERE QUE PR TRAÍA $50, 000 EN SU PODER DE UN PRESTAMO. 02:12 HORAS EN EL DOMICILIO DE LA PETICIONARIA EN CUAUTLANCINGO DEJANDO EL VEHÍCULO DERBY COLOR GRIS CON METALICA NHN3975 PARA POSTERIORMENTE REALIZAR ACOMPAÑAMIENTO AL HOSPITAL DE LA MUJER. AL ARRIBAR AL DOMICILIO USUARIA NOS MUESTRA MENSAJE QUE ACABABA DE RECIBIR DE WHATS APP PARTE DEL PR DONDE LE DICE QUE DEJE LAS COSAS ASÍ, QUE NO SE META CON SU FAMILIA Y QUE EL NO LE HIZO NADA A LA MENOR, QUE ELLA LO PROVOCO. 02:58 HORAS ARRIBAMOS AL HOSPITAL DE LA MUJER PARA APLICACIÓN DE LA NORMA 046 A LA MENOR 03:14 HORAS PERSONAL MÉDICO DR JUAN JOSÉ TOXTLE GUEVARA APLICA PROTOCOLO. 05:00 HORAS TRABAJADORA SOCIAL OTORGA CARNET DE CITAS PARA SU SEGUIMIENTO 05:47 HORAS SE DEJA A USUARIA Y A LA MENOR EN SU DOMICILIO PARA QUE MAS TARDE APROXIMADAMENTE A LAS 09:00 ACUDAN A REALIZAR SU DENUNCIA A LA AGENCIA DEL MINISTERIO PÚBLICO DE CUAUTLANCINGO., FRACCIONAMIENTO ARCOS DE SANTA CRUZ, PUEBLA, Puebla",,
"LATERAL MEXICO PUEBLA , NUM 1103, PARQUE INDUSTRIAL 5 DE MAYO, PUEBLA, Puebla",,
"DOMICILIO CONOCIDO DOS RIOS, HUEYTAMALCO, HUEYTAMALCO, Puebla",,
"CALZADA ZARAGOZA ESQ IZTACCIHUATL, BARRIO SAN SEBASTIÁN, PUEBLA, Puebla",,
"PRIVADA 11 SUR NUMERO 1212 ENTRE CAMINO VIEJO A SAN DIEGO Y LA 11 ORIENTE, LA PURÍSIMA 5TA SECC, TEHUACÁN, Puebla",,
"CALLE LAS CRUCES NUM 75, BARRIO SAN JOSÉ LAGUNA, AMOZOC, Puebla",,
"GRAL PROFIRIO DIAZ NUM 21 ESQ. AVENIDA CIUDAD MILITAR 24 DE MAYO, SANTA BARBARA SUR, PUEBLA, Puebla",,
"15 DE MAYO - MADERO, LA PAZ, PUEBLA, Puebla",,
"PRIVADA SANTA CLARA MZ 5 LT 3 ESQ SANTA CECILIA, SANTA LUCIA ALTAMIRA, PUEBLA, Puebla",,
"CALLE INDEPENDENCIA 235, SAN SEBASTIÁN, TEZIUTLÁN, Puebla",,
"CAMINO DE TERRACERÍA EL PARAJE DENOMINADO TLACO CRUZ, Zoquitlán, ZOQUITLÁN, Puebla",,
"34 SUR - PRIVADA VENUS, UNIDAD INFONAVIT LA MARGARITA, PUEBLA, Puebla",,
"ALBA 14 SUR NUMERO 11, FRACCIONAMIENTO ARCOS DEL ALBA, HUEJOTZINGO, Puebla",,
", BARRIO SAN PEDRO, TEPEXI DE RODRÍGUEZ, Puebla",,
"CALLE TEHUACAN NO 345 ESQ DIAGONAL COANALA, RES COCOYOTLA, SAN PEDRO CHOLULA, Puebla",,
"113 PTE 1103 ESQ 11SUR, FRACCIONAMIENTO SAN FRANCISCO MAYORAZGO, PUEBLA, Puebla",,
", INDEPENDENCIA, PUEBLA, Puebla",,
"OSA MAYOR- BOULEVARD ATLIXCAYOTLY BOULEVARD DEL NIÑO POBLANO, CENTROS COMERCIALES DESARROLLO ATLIXCAYOTL, PUEBLA, Puebla",,
"AZTECA MANZANA 55 LOTE 1 ESQ NEZAHUALCOYOTL, SANTA CLARA OCOYUCAN, OCOYUCAN, Puebla",,
"BOULEVARD CARMEN SERDAN ESQ 5 DE FEBRERO, SANTA MARÍA LA RIVERA, PUEBLA, Puebla",,
"CALLE RADIAL ZAPATA S-N - 19.03496, -98.27018, ATLIXCO, ATLIXCO, Puebla",,
"AVENIDA LAS TORRES 2 - AVENIDA EL PROGRESO, FRACCIONAMIENTO HACIENDA LAS FUENTES, PUEBLA, Puebla",,
"LAURELES S-N ESQ JIRASOLES, OCOYUCAN, OCOYUCAN, Puebla",,
"BOULEVARD 18 DE NOVIEMBRE - CALLE H, ZONA IND CORREDOR INDUSTRIAL LA CIENEGA, PUEBLA, Puebla",,
"ESMERALDA NUMERO 3 - TIERRA Y LIBERTAD, MIRAVALLE, PUEBLA, Puebla",,
"AVENIDA 5 DE MAYO - 30 OTE, REAL SAN PEDRO, SAN PEDRO CHOLULA, Puebla",,
"PRIVADA 143 B PONIENTE 2902 - 27 C SUR, NUEVA JERUSALÉN, PUEBLA, Puebla",,
"PRIV, HUTZOL ESQ CALLE MOCTEZUMA, ALBERTO DE LA FUENTE, PUEBLA, Puebla",,
"HOSPITAL DE San José Chiapa, SAN JOSÉ CHIAPA, SAN JOSÉ CHIAPA, Puebla",,
"LA PURISIMA NUM. 1605 ENTRE 18 NTE Y VIA PUEBLA, SAN RAFAEL, TEHUACÁN, Puebla",,
"MANZANARES NUM 8 - TOLOXA Y NIÑOS HEROES, SAN SEBASTIÁN TEPALCATEPEC, JUAN C. BONILLA, Puebla",,
"11 SUR NUMERO 1102 Y 11 ORIENTE, NICOLÁS BRAVO, TEHUACÁN, Puebla",,
"G-726, SAN BARTOLO SUR B 726, INFONAVIT SAN BARTOLO, 72495 PUEBLA, PUE., MÉXICO, INFONAVIT SAN BARTOLO, PUEBLA, Puebla",,
"HERMANOS SERDAN 1704 ESQ BOULEVARD CARMELITAS, TRES CERRITOS, PUEBLA, Puebla",,
"30 NORTE Y BOULEVARD XONACA, XONACA, PUEBLA, Puebla",,
"CARRETERA FEDERAL 150 TEHUACAN - PUEBLA CASETA DE COBRO -76, SANTA MARÍA COAPAN, TEHUACÁN, Puebla",,
"10 ORIENTE, FRANCISCO SARABIA, TEHUACÁN, Puebla",,
"CARRETERA FEDERAL AMOZOC -SAN JOSÉ CHIAPA KM 129, SAN JOSÉ CHIAPA, SAN JOSÉ CHIAPA, Puebla",,
"HÉCTOR LEZAMA SURROCA #322, ENTRE LAS CALLES 3 Y 5 ORIENTE, LA PURÍSIMA, TEHUACÁN, Puebla",,
"8 OTE 2603 - 26 NTE, RESURGIMIENTO CD NORTE, PUEBLA, Puebla",,
"PRIVADA 4 OTE NUM 410, CHACHAPA, AMOZOC, Puebla",,
"CERRADA NIÑOS HEROES 5401 ESQ MORELOS, SAN VICENTE FERRER, TEHUACÁN, Puebla",,
"CALLE 8 SUR ESQ 15 PTE, LA INMACULADA, TEHUACÁN, Puebla",,
"DE LA 16 DE SEPTIEMBRE NUM 8906 - 89 OTE, LA MORA, PUEBLA, Puebla",,
"ANDADOR 14 A SUR 11106 DTO 3 ESQUINA 14 A SUR, INFONAVIT SAN JORGE, PUEBLA, Puebla",,
"PLAZA DE SAN DIEGUITO EDIF J1 DEPTO 6 ESQ 32 SUR, UNIDAD INFONAVIT LA MARGARITA, PUEBLA, Puebla",,
"PRIVADA VENUSTIANO CARRANZA 265 ESQUINA PINO SUAREZ, CONJUNTO HABITACIONAL SAN FRANCISCO, CORONANGO, Puebla",,
"CALLE SAN MARCOS EDIFICIO 718 DEPTO A - SAN FELIPE Y SAN MATIAS, SAN GREGORIO AZTOTOACAN, SAN SALVADOR EL VERDE, Puebla",,
"COMANDANCIA DE CHICHIQUILA, CHICHIQUILA CENTRO, CHICHIQUILA, Puebla",,
"11 SUR FRENTE AL NUMERAL 14709-MARGARITAS, SAN RAMÓN CASTILLOTLA 3RA SECC, PUEBLA, Puebla",,
"19 SUR N1701, SANTA ROSA CHAPULAPA, ATLIXCO, Puebla",,
"AVENIDA SAN FRANCISCO ESQUINA CON RIO CONCHOS, UNIDAD HABITACIONAL FOVISSSTE SAN MANUEL, PUEBLA, Puebla",,
"C 5 DE MAYO 25 ESQ CALLE A TLAXCALA, LAS HUERTAS, PUEBLA, Puebla",,
"135 PTE 1762 - 19 A SUR Y 19 SUR, FRACCIONAMIENTO GALAXIA CASTILLOTLA, PUEBLA, Puebla",,
"PINOS GRANADA NUMERO 1 PRIVADA SAUSE- SOBRE ARENAL EN CHACHAPA-, ARENAL, AMOZOC, Puebla",,
"DE LA PEDRERA ENTRE BOULEVARD NORTE, JOSE CLEOTILDE DE TORRES RAMOS, PUEBLA, Puebla",,
"114 PTE &, AGRÍCOLA IGNACIO ZARAGOZA, PUEBLA, Puebla",,
"AVENIDA CAZADORES DE MORELIA Y CALZADA, UNIDAD CÍVICA 5 DE MAYO, PUEBLA, Puebla",,
"CALLE ALATRISTE, ZACATLÁN CENTRO, ZACATLÁN, Puebla",,
"ARTICULO 5 # 19 ESQ CONSTITUYENTE, CONSTITUCIÓN MEXICANA, PUEBLA, Puebla",,
"CALLE OCTUBRE DE 1867 - AVENIDA BENEMERITO DE LAS AMERICAS, PUEBLA, PUEBLA, Puebla",,
"CORREDOR INDUSTRIAL JOSE MARIA MORELOS, HUEJOTZINGO, HUEJOTZINGO, Puebla",,
"PRIV ROSAS DEL TEPEYAC N 9 ESQ MIGUEL HIDALGO Y LIBERTAD, INFONAVIT FRACCIONAMIENTO FIDEL VELÁZQUEZ, PUEBLA, Puebla",,
"CALLE 16 DE SEPTIEMBRE NUM 160 ENTRE 5 DE MAYO Y BENITO JUAREZ, GUADALUPE MORELOS, ACATZINGO, Puebla",,
"DOMICILIO CONOCIDO, BARRIO TLATEMPA, ZACATLÁN, Puebla",,
"C. Zapotitlán ENTRE HUEJOTE, SAN ANDRÉS AZUMIATLA, PUEBLA, Puebla",,
"CALLE 2 DE ABRIL - COL. LOS MANANTIALES - TLAPEHUALA, TLAPEHUALA, XICOTEPEC, Puebla",,
"FRAY JUAN DE GRIIJALVA 2809 ESQ. RIO PAPAGAYO, LAS CRUCES, PUEBLA, Puebla",,
"AVENIDA TEPEACA Y PRIVADA TALAXCALA, GRANJAS DEL SUR, PUEBLA, Puebla",,
"AUTOPISTA MEXICO PUEBLA KM 96+500, SANTA MARÍA MOYOTZINGO, SAN MARTÍN TEXMELUCAN, Puebla",,
"10 SUR NUM 6353 ESQ 63 Y 65 OTE, LOMA LINDA, PUEBLA, Puebla",,
"NO PROPORCIONA, SAN MATEO CUANALÁ, Juan C. Bonilla, Puebla",,
"AVENIDA INDEPENDENCIA 209, CHAPULTEPEC, PUEBLA, Puebla",,
"CAMINO DE ISURGENTES A ZACAPOAXTLA, TATOXCAC, ZACAPOAXTLA, Puebla",,
"E.ZAPATA Y SEGUNDA PRIVADA EMILIANO ZAPATA, ROSAS DEL TEPEYAC, PUEBLA, Puebla",,
"ITALIA N 9 ESQ SUIZA Y GLORIETA, GEOVILLAS DEL SUR, PUEBLA, Puebla",,
"CALLE ZAFIRO 6515 -, LA JOYA, PUEBLA, Puebla",,
"VALLE DE SAN JOSE NUM 7009 ESQ OAXACA Y PUEBLA, DEL VALLE, PUEBLA, Puebla",,
"AUTOPISTA MEXICO- PUEBLA KM 108, SAN MIGUEL XOXTLA, SAN MIGUEL XOXTLA, Puebla",,
"AVENIDA HIDALGO ESQUINA CON CALLE EL PROGRESO,, CUANALÁ, Juan C. Bonilla, Puebla",,
"104 B ORIENTE 4226 ESQ 46 NORTE, BOSQUES DE SANTA ANITA, PUEBLA, Puebla",,
"COLONIA TLAMOTOLO, TLALMOTOLO, IXTACAMAXTITLÁN, Puebla",,
"31 PTE 1020 INTERIOR -4 LIBRAMIENTO SAN LORENZO TCNOLOGICO, TEHUACÁN CENTRO, TEHUACÁN, Puebla",,
"HOSPITAL GENERAL DE CUACNOPALAN, PALMAR DE BRAVO CENTRO, PALMAR DE BRAVO, Puebla",,
"REFORMA 118 -- 5 DE MAYO Y 3 NORTE, PUEBLA CENTRO, PUEBLA, Puebla",,
"19.093485,-98.2500150, SANCTORUM, CUAUTLANCINGO, Puebla",,
"MORELOS 5, MIGUEL E ABED, PUEBLA, Puebla",,
"CALLE MIGUEL ALEMAN NUM 1512 - 15 Y 17 PTE, SAN PEDRO CHOLULA CENTRO, SAN PEDRO CHOLULA, Puebla",,
"CERRADA FLORENTINO MAYA EDF 32 DTO E ESQ PROLONGACION DE LA 24 SUR, UNIDAD HABITACIONAL LUIS M MORONES, PUEBLA, Puebla",,
"LIBRAMIENTO A LA ALTURA DE LOS VIVEROS, BARRIO SAN JOSÉ, TECAMACHALCO, Puebla",,
"CAMPO DE FUTBOL LA LADRILLERA, SAN BALTAZAR TEMAXCALAC, SAN MARTÍN TEXMELUCAN, Puebla",,
"EN EL CAÑO DE AGUA CASI ESQ LIBRAMIENTO SAN MARCOS, GRANJA  GUADALUPE, TEHUACÁN, Puebla",,
"CAMPOS DE CULTIVO, ESCAPE DE LAGUNILLAS, CHIETLA, Puebla",,
"CARRIL DE LA TRANCA DE FIERRO CAMPO POTRERO II, DE LA JUNTA AUXILIAR ESCAPE DE LAGUNILLAS, ESCAPE DE LAGUNILLAS, CHIETLA, Puebla",,
"CAMINO AL RELLENO SANITARIO, FRACCIONAMIENTO. SAN DAMIÁN., FRACCIONAMIENTO SAN DAMIAN, SAN MARTÍN TEXMELUCAN, Puebla",,
"CARRETERA FEDERAL PUEBLA - TEHUACAN CON DIRECCIÓN A TECAMACHALCO, TECAMACHALCO, TECAMACHALCO, Puebla",,
"CARRETERA A TLALTEPEXI S-N, TULCINGO CENTRO, TULCINGO, Puebla",,
"PRIV ZARAGOZA # 5 Y 2DA PRIV DE ZARAGOZA, LAS HUERTAS, PUEBLA, Puebla",,
"SAN DIEGO 29 ESQ EJIDO Y GRANADA, AMPLIACION VISTA HERMOSA ALAMOS, PUEBLA, Puebla",,
"CALLE GALEANA ESQUINA PERIFERICO, CUAUTLANCINGO, CUAUTLANCINGO, Puebla",,
"CALLE PROFESOR APOLINAR, UNIDAD HABITACIONAL ELBA ESTHER GORDILLO M, SAN MARTÍN TEXMELUCAN, Puebla",,
"9 NORTE Y OTE 24, EMILIANO ZAPATA, TEHUACÁN, Puebla",,
"FRANCISCO I MADERO 117, SAN FRANCISCO OCOTLÁN, CORONANGO, Puebla",,
"CALLE BUGANBILIAS # 10, LA UNIÓN, ZIHUATEUTLA, Puebla",,
"CARRETERA A PAJUATA, HUITZILAN DE SERDÁN CENTRO, HUITZILAN DE SERDÁN, Puebla",,
"VILLA CARDEL Y VILLA UNION, SANTA MARÍA XONACATEPEC, PUEBLA, Puebla",,
"CALLE RAFAEL CORTES PONIENTE N0 8, TECALI DE HERRERA, TECALI DE HERRERA, Puebla",,
"COMICILIO CONOCIDO, TEPETLA, ZACATLÁN, Puebla",,
"SAN ISIDRO MONTERROSAS, TERRENOS DE CULTIVO, PALMAR DE BRAVO CENTRO, PALMAR DE BRAVO, Puebla",,
"CALLE PRINCIPAL ESQ . CALLE SAN FRANCISCO, BUENOS AIRES, PUEBLA, Puebla",,
"PASTOR ROAUIX ESQUINA VIAS, ESTRELLA DEL SUR, TEHUACÁN, Puebla",,
"129 B PTE NUM 2913-D ESQ 29 SUR, FRACCIONAMIENTO HACIENDA SANTA CLARA 1RA SECC, PUEBLA, Puebla",,
"CALLE COLON ENTRE ALA TRISTE Y MORELOS, BARRIO DE CUAUTZOLCO, LIBRES, Puebla",,
"CALLE CALLE 9 NORTE Y 2 PTE # 6, INTERIOR 5, DEL BARRIO DE SAN JUAN CALVARIO, BARRIO SAN JUAN CALVARIO, SAN PEDRO CHOLULA, Puebla",,
"CALLE NICOLÁS BRAVO NÚM. 51, SECC. 3RA., TEPANGO CENTRO, TEPANGO DE RODRÍGUEZ, Puebla",,
"CARRETERA INTERNACIONAL 190 S-N, EL TEPENENE, IZÚCAR DE MATAMOROS, Puebla",,
"SAN JOSE LOS PINOS, BARRIO XOPANAPA, VICENTE GUERRERO, Puebla",,
"PRIVADA DE LA 9 SUR ENTRE 3 Y 5 OTE, LA PURÍSIMA, TEHUACÁN, Puebla",,
"AVENIDAFERROCARRIL ESQ.PRIMERA PRIVADA BENITO JUAREZ, FRACCIONAMIENTO RINCONADA SAN JERÓNIMO, PUEBLA, Puebla",,
"RIO APULCO NUM 502 ESQ. RIO PAPALOAPAN, ALTAVISTA, ATLIXCO, Puebla",,
"TETELA # 11 ESQ HUACHINANGO, BARRIO LA PURÍSIMA, SAN ANDRÉS CHOLULA, Puebla",,
"PONIENTE N. 216, COL. CENTRO, SAN BUENAVENTURA NEALTICAN, NEALTICAN, Puebla",,
"VALLE DE MEXICO ESQUINA ZACATECAS, UNIDAD HABITACIONAL SANTE, PUEBLA, Puebla",,
"DOMICILIO CONOCIDO, TLAHUAPAN, CHICONCUAUTLA, Puebla",,
"-DOMICILIO CONOCIDO, JUNTA AUX DE MATZAZONGO DE GUERRERO, MAZATZONGO DE GUERRERO, SAN SEBASTIÁN TLACOTEPEC, Puebla",,
"COL MOISES SABA MANZANA 4 LOTE 10, BARRIO SAN JUAN, TECAMACHALCO, Puebla",,
"COMUNIDAD DE RANCHO CHICO, OCOTLÁN DE VENUSTIANO CARRANZA, YEHUALTEPEC, Puebla",,
"MELCHOR OCAMPO ESQ AVENIDA HIDALGO, SAN ANTONIO MIAHUACAN, CORONANGO, Puebla",,
"CAMINO DE TERRACERÍA CON DIRECCIÓN AL CANAL, A LA ALTURA DE LA CAPILLA DE SAN JUDAS TADEO, TECAMACHALCO, TECAMACHALCO, Puebla",,
"SEMBRADIOS CERCA DE CARRETERA PRINCIPAL A NENETZINTLA, SANTA MARÍA NENETZINTLA, ACAJETE, Puebla",,
"CARRETERA ESTATAL IZUCAR - ATENCINGO, LA PAZ, CHIETLA, Puebla",,
"PROLONGACIÓN DE LA CALLE 3 NORTE Y 8 PONIENTE, CAMINO RURAL A LA PISTA, COLONIA EL CARMEN, PALMAR DE BRAVO, PALMAR DE BRAVO, Puebla",,
"A ORILLA DEL RIO, EL AREA DE FUTAS Y LEGUMBRES, SAN LUCAS ATOYATENCO, SAN MARTÍN TEXMELUCAN, Puebla",,
"CALLE 4TA. BERRIOZÁBAL, CHIGNAHUAPAN CENTRO, CHIGNAHUAPAN, Puebla",,
"CARRETERA PUEBLA AZUMIATLA KM 7.5 ESQ 1ERA DE ENERO Y 11 SUR, SANTA CLARA OCOYUCAN, OCOYUCAN, Puebla",,
"CALLE 12 DE DICIEMBRE Y 9 NORTE DE LA COMUNIDAD DE LA COMPAÑÍA DE JESÚS, QUECHOLAC, QUECHOLAC, Puebla",,
"ENTRADA DE RUBEN JARAMILLO, TECAMACHALCO, TECAMACHALCO, Puebla",,
"CARRETERA GRAJALES MÁXIMO SERDAN, RAFAEL LARA GRAJALES CENTRO, RAFAEL LARA GRAJALES, Puebla",,
"11 NORTE 7202 ESQUINA 72 PTE, 20 DE NOVIEMBRE, PUEBLA, Puebla",,
"PASO DE CORTES KM 27, PARAJE OCOTLA, SANTIAGO XALIZINTLA, SANTIAGO XALITZINTLA, SAN NICOLÁS DE LOS RANCHOS, Puebla",,
"CALLE SUR 11 N° 22, ESPERANZA CENTRO, ESPERANZA, Puebla",,
"BOULEVARD XONACATEPEC 10817, JARDINES DE SAN JOSÉ, PUEBLA, Puebla",,
"EJE PONIENTE S-N, IZÚCAR DE MATAMOROS CENTRO, IZÚCAR DE MATAMOROS, Puebla",,
"ENTRADA A LA JUNTA AUXILIAR DE SANTA MARI IXTIYUCAN, SANTA MARÍA IZTIYUCAN, NOPALUCAN, Puebla",,
"BOULEVARD EMILIANO ZAPATA ESQ. CAMINO A LA BUAP, SAN JUAN TEJALUCA, ATLIXCO, Puebla",,
"CARRETERA ESTATAL A VICENTE GUERRERO ENTRE RANCHO CABRAS Y RANCHO NUEVO, BARRIO SAN MIGUEL, VICENTE GUERRERO, Puebla",,
"RETORNO GARDENIAS EDIFICIO 83 2DA SECCION, UNIDAD HABITACIONAL INFONAVIT, ATLIXCO, Puebla",,
"KM 18.5625650 DE TULCINGO A IZUCAR DE MATAMOROS, IZÚCAR DE MATAMOROS, IZÚCAR DE MATAMOROS, Puebla",,
"CALLE PRINCIPAL ZONA DE TOLERANCIA, AMATITLANES, IZÚCAR DE MATAMOROS, Puebla",,
"SAN HIPÓLITO SOLTEPEC., SOLTEPEC, SOLTEPEC, Puebla",,
"ANNIE J. CANOON 50 ESQ ADOLFO LO´PEZ MATEOS**19.030343, -98.318065**, RES SAN MIGUEL, SAN ANDRÉS CHOLULA, Puebla",,
"AVENIDAPUEBLA Y CALLE EJIDO ENTRE LAZARO CARDENA, NUEVO LEON, SAN PEDRO CHOLULA, Puebla",,
"ALLENDE S-N, PAHUATLÁN CENTRO, PAHUATLÁN, Puebla",,
"PERIFERICO ESQUINA FORJADORES, LOMAS DE SAN JUAN, CUAUTLANCINGO, Puebla",,
"CAMINO REAL JUNTO AL BASURERO MUNICIPAL, SANTA ISABEL TEPETZALA, ACAJETE, Puebla",,
"5 NORTE NUM 36, UNIDAD HABITACIONAL GUSTAVO DIAZ ORDAZ SECCION2, CHIETLA, Puebla",,
"18 OTE Y 1 NORTE, EL DORADO, TEHUACÁN, Puebla",,
"PRIMERO DE MAYO CASI ESQ. CALLE 5 DE MAYO LOC. CALA NORTE, BARRIO CALA NORTE, ATEMPAN, Puebla",,
"11 SUR EN CON SENTIDO A SAN ANDRES AZUMIATLA, TLACAELEL, OCOYUCAN, Puebla",,
"DOMICILIO CONOCIDO, TEXPILCO, ZACAPOAXTLA, Puebla",,
"CARRETERA A GALAXIA ESQ CARRETERA SANTA CRUZ, BARRIO DE SANTA CATARINA, PUEBLA, Puebla",,
"22 NORTE ENTRE 20 PONIENTE Y PORTES GIL, SAN NICOLÁS TETITZINTLA, TEHUACÁN, Puebla",,
"CARRETERA A XUCHAPA, RABOSO, IZÚCAR DE MATAMOROS, Puebla",,
"BOULEVARD CARMEN SERDAN SERDAN 2508 ESQ 25 NTE, JOSÉ CLEOTILDE DE TORRES RAMOS, PUEBLA, Puebla",,
"AUTOPISTA TLAXCO TEJOCOTAL KM 67+900, EJIDO MICHAC, CHIGNAHUAPAN, Puebla",,
"AVENIDA MAGUEL HIDALGO NUMERO 712, BARRIO SANTA MARÍA XIXITLA, SAN PEDRO CHOLULA, Puebla",,
"CARRETERA ESTATAL IZUCAR ATENCINGO S-N, LA SABILA, CHIETLA, Puebla",,
"CHAMIZAL S-N, AGUA DULCE, TILAPA, Puebla",,
"CARRETERA FEDERAL SAN HIPOLITI XALAPA, SAN NICOLÁS ZOYAPETLAYUCA, TEPEACA, Puebla",,
"PLUTARCO ELIA CALLES #4112 ESQ BARRANCA SECA, VALLE SUR, ATLIXCO, Puebla",,
"6 PONIENTE ENTRE LA 23 Y 25 NORTE, FALDAS DEL CERRO TECHACHALES, TECAMACHALCO, TECAMACHALCO, Puebla",,
"COMPLEJO MEDICO GONZALO RIO ARRONTE DEL MUNICIPIO DE ATLIXCO, SAN JUAN TEJALUCA, ATLIXCO, Puebla",,
"2 NORTE NUM 2332 Y 24 OTE, BENITO JUÁREZ (LA CANOA), ATLIXCO, Puebla",,
"CALLE AMBROSIO SIN NÚMERO, JOLALPAN CENTRO, JOLALPAN, Puebla",,
"CALLE PINOS S-N, MIXQUITLIXCO, SAN PABLO ANICANO, Puebla",,
"CARRETERA FEDERAL 160 S-N, TEPEXCO CENTRO, TEPEXCO, Puebla",,
"JUAREZ NUM 54 ESQ INDEPENDENCIA, SANTA MARIA GUADALUPE TECOLA, PUEBLA, Puebla",,
"CARR A HACIA LA HACIENDA LOS MOLINOS, SAN AGUSTÍN LOS MOLINOS, ATLIXCO, Puebla",,
"CALLE REFORMA SUR, BUENAVISTA, XICOTEPEC, Puebla",,
"CALLE GUADLALUPE #62 ESQ CALLE ALCANFORES, SAN JUAN FLOR DEL BOSQUE, PUEBLA, Puebla",,
"CAMINO REAL A CUAUTOTOLA, VALLES DEL RINCON, HUAUCHINANGO, Puebla",,
"CALLE 6 SUR Y 13 ORIENTE, SAN JUAN TLAUTLA, SAN PEDRO CHOLULA, Puebla",,
"CAMINO REAL 215, LOMAS DE ROMERO, TECAMACHALCO, Puebla",,
"CANAL DE VALSEQUILLO, BARRIO SAN SEBASTIÁN, TECAMACHALCO, Puebla",,
"LIBRAMIENTO DE TECAMACHALCO A XOCHIMILCO, TECAMACHALCO, TECAMACHALCO, Puebla",,
"CARRETERA CHICONCUAUTLA-HUAUCHINANGO, PALZOQUITLA, CHICONCUAUTLA, Puebla",,
"CAMINO A TEPIZILA, TEPIZILA (PRIMERA SECCIÓN), CUAUTEMPAN, Puebla",,
"CAMINO A STA CRUZ 1571, CHACHAPA, AMOZOC, Puebla",,
"CALLE VISTA HERMOSA NO. 33 ENTRE PRIVADA MORELOS Y PRIV VISTA HERMOSA, IGNACIO ROMERO VARGAS, PUEBLA, Puebla",,
"IGNACIO ZARAGOZA 6 ESQ AVENIDA 2 OTE, LAS CARITAS, PUEBLA, Puebla",,
"CARRETERA CAMINO A TEHUACÁN VIEJO ESQUINA CALLE LOS LIMONES COLONIA LA GARAMBULLERA, TEHUACÁN, TEHUACÁN, Puebla",,
"BARRANCA EL CASCABEL DE SAN LORENZO OMETEPEC, BARRIO LA PURÍSIMA., TOCHTEPEC, TOCHTEPEC, Puebla",,
"CAMINO DEL TERCER ORDEN TETELA- IZUCAR, IZÚCAR DE MATAMOROS, IZÚCAR DE MATAMOROS, Puebla",,
"CARRETERA EL EMPALME XALAPA KM 3+100, CUAPIAXTLA DE MADERO, CUAPIAXTLA DE MADERO, Puebla",,
"AUTOPISTA ATLICAYOTL KM 23, EX HACIENDA SAN AGUSTÍN, ATLIXCO, Puebla",,
"AVE LIBERTAD NUM 3626 - CIPRES, GUADALUPE TLATELPA, PUEBLA, Puebla",,
"VICENTE GUERRERO 112 ESQUINA MELCHOR OCAMPO COL. MIGUEL HIDALGO DE PINO SUAREZ, TEPANCO DE LÓPEZ CENTRO, TEPANCO DE LÓPEZ, Puebla",,
"DOMICILIO CONOCIDO, CUAUTEMPAN CENTRO, CUAUTEMPAN, Puebla",,
"ELEKTRA 15 - CERRADA DE LA ESTRELLA, GALAXIA LA CALERA, PUEBLA, Puebla",,
"CALLE SEDESOL #29 ENTRE 17 Y 24 DE FEBRERO, ALATRISTE, TEHUACÁN, Puebla",,
"CARRETERA ZIHUATEUTLA - OCOMANTLA, LA UNIÓN, ZIHUATEUTLA, Puebla",,
"IGNACIO ALLENDE 12945 ESQ VENUSTIANO CARRANZA, GUADALUPE HIDALGO, PUEBLA, Puebla",,
"CARRETERA A TOTOLA ·2, SAN ANDRÉS CALPAN CENTRO, CALPAN, Puebla",,
"CALLE SAN MIGUEL, BARRIO SAN MIGUEL, HUEHUETLÁN EL CHICO, Puebla",,
"CALLE UNIVERSIDAD DE VERACRUZ NUM 1628 - U.CHAPINGO, FRACCIONAMIENTO ARBOLEDAS, PUEBLA, Puebla",,
"CALLE PINO SUAREZ S-N COL. 20 DE NOVIEMBRE, Coxcatlán CENTRO, COXCATLÁN, Puebla",,
"CARR SANTA CRUZ ALTURA KM 3, SANTA CRUZ ALPUYECA, PUEBLA, Puebla",,
"CALLE 20 DE NOVIEMBRE S-N, BARRIO CHIGNAULINGO, TEZIUTLÁN, Puebla",,
"PASANDO VIAZ DE TREN DE ZOZUTLA, YEHUALTEPEC CENTRO, YEHUALTEPEC, Puebla",,
"CALLE BENITO JUAREZ, LA CRUZ, CHIETLA, Puebla",,
"CALLE FRANCISCO ZARABIA SN, HUEYTAMALCO CENTRO, HUEYTAMALCO, Puebla",,
"16 DE SEPTIEMBRE --URANGA, GETSEMANI, CUAUTLANCINGO, Puebla",,
"GUADALUPE VICTORIA --EJIDO, SAN BALTAZAR CAMPECHE, PUEBLA, Puebla",,
"CALLE PRINCIPAL ESQ. PORFIRIO DIAZ, METEPEC, ATLIXCO, Puebla",,
"AUTOPISTA MEX-PUE-7CALZADA IGNACIO ZARAGOZA, FRACCIONAMIENTO MARAVILLAS, PUEBLA, Puebla",,
"DOMICILIO CONOCIDO, TLAXCO CENTRO, TLAXCO, Puebla",,
"CALLE PRINCIPAL S-N, EJIDO PALO GACHO, PALO GACHO, ACATENO, Puebla",,
"CALLEJON VEGONIA NUM 69 ESQ. CARR A SAN BALTAZAR, TERCERA SECCIÓN, ATLIXCO, Puebla",,
"CARRETERA ESTATAL TEHUACAN-TEOTITLAN EN LA CURVA DE GARIBALDI, SAN DIEGO CHALMA, TEHUACÁN, Puebla",,
"AVENIDA DE LAS HARAS - A TOPAR CON ANTIGUO CAMINO A LAS HARAS, SAN JUAN FLOR DEL BOSQUE, PUEBLA, Puebla",,
"CARR NAUTLA 256, BARRIO TAXCALA, TEZIUTLÁN, Puebla",,
"QUERETARO 10110 ESQUINA MICHOACAN Y PUEBLA, POPULAR CASTILLOTLA, PUEBLA, Puebla",,
"C. BENITO JUAREZ NUM 32 ENTRE BOULEVARD XONACATEPEC Y FCO I MADERO, SAN MIGUEL XONACATEPEC, PUEBLA, Puebla",,
"CALLE ALDAMA S-N, XOYATLA, TEPEOJUMA, Puebla",,
"89 OTE 411 ESQUINA PRIVADA 6 SUR, LA MORA, PUEBLA, Puebla",,
"REVOLUCION -ACATZINGO, SAN MATÍAS COCOYOTLA, SAN PEDRO CHOLULA, Puebla",,
"CALLE INDEPENDENCIA NUM. 19, VENTA GRANDE, HUAUCHINANGO, Puebla",,
"AVENIDA JUAREZ S-N -, SANTA MARIA GUADALUPE TECOLA, PUEBLA, Puebla",,
"CARR LA FAMA A SAN SAN MIGUEL ESPEJO, PUEBLA, PUEBLA, Puebla",,
"CEDRO 102,, EL RIEGO SUR, PUEBLA, Puebla",,
"CAMINO DE TERRACERIA QUE CONECTA COAPAN Y LA CANTERA, VALLE SUR, TEHUACÁN, Puebla",,
"DOMICILIO CONOCIDO DOS RIOS, HUEYTAMALCO, HUEYTAMALCO, Puebla",,
"CALLE AGUSTIN ITURBIDE NTE, LA RESURRECCIÓN, PUEBLA, Puebla",,
"CALLE DEL BACHILLERATO, COLONIA LA LOMA, Quimixtlán CENTRO, QUIMIXTLÁN, Puebla",,
"CARRETERA CAXHUACAN A IXTEPEC, LUGAR CONOCIDO SAN CRISTÓBAL, CAXHUACAN CENTRO, CAXHUACAN, Puebla",,
"BARRIO DE BARTOLO, MUNICIPIO DE Zacatlán, PUE., SAN BARTOLO, ZACATLÁN, Puebla",,
"SAN LUIS POTOSI 10316 - AVENIDA PUEBLA, POPULAR CASTILLOTLA, PUEBLA, Puebla",,
"PRIV. 4 NORTE ENTRE 4 Y 6 ORIENTE, BARRIO SAN MIGUEL, ACATZINGO, Puebla",,
"CALLE 3 PONIENTE, LA MAGDALENA TETELA MORELOS, ACAJETE, Puebla",,
"CAMINO DE TERRACERÍA EL PARAJE DENOMINADO TLACO CRUZ, ZOQUITLÁN, ZOQUITLÁN, Puebla",,
"ACOCOTLA S-N, LA JOYA (AGROPECUARIA TENEXTEPEC), ATLIXCO, Puebla",,
"AUTOPISTA PUEBLA ORIZABA A LA ALTURA DEL KILÓMETRO 219, SAN JOSÉ ESPERANZA, ESPERANZA, Puebla",,
"DOMICILIO CONOCIDO, ZOQUIAPAN CENTRO, ZOQUIAPAN, Puebla",,
"LATERAL A PERIFERICO - BOULEVARD CLAVIJERO, LOS ROSALES 1ERA SECC, PUEBLA, Puebla",,
"AUTOPISTA VERACRUZ PUEBLA, A LA ALTURA DEL KILÓMETRO 219 CON SENTIDO A PUEBLA, ESPERANZA CENTRO, ESPERANZA, Puebla",,
"CALLE ÁLVARO OBREGÓN Y ABELARDO RODRÍGUEZ, CORONEL TITO HERNÁNDEZ, VENUSTIANO CARRANZA, Puebla",,
"BARRANCA, ENTRADA A FRACCIONAMIENTOIONAMIENTO VALLE DEL SOL, TECAMACHALCO, TECAMACHALCO, Puebla",,
"CARRETERO DE ATLEQUIZAYAN AL ENTRONQUE HACIA EL MUNICIPIO DE IXTEPEC, HUEHUETLA CENTRO, HUEHUETLA, Puebla",,
"BLVR VICENTE SUAREZ:- 19.0415514,-98.1637781, AMÉRICA SUR, PUEBLA, Puebla",,
"CARRETERA 150 TEHUACAN ORIZABA A LA ALTURA DE- CFE-, AEROPUERTO 2DA SECC, TEHUACÁN, Puebla",,
"143E PTE - 17 Y 19 SUR 1735, JARDINES DE SAN RAMÓN, PUEBLA, Puebla",,
"TERRENOS DE CULTIVO DEL PARAJE DE LA LUZ, EJIDOS DE SAN MIGUEL XALTEPEC, SAN MIGUEL XALTEPEC, PALMAR DE BRAVO, Puebla",,
"CAMINO REAL AL BOSQUE ESQ. ALCATRAZ, SANTA LUCIA, PUEBLA, Puebla",,
"AVENIDA DE LAS TORRES AVENIDA DEL ROBLE, INFONAVIT AMALUCAN, PUEBLA, Puebla",,
"MINA S-N, BARRIO SAN JUAN, ACATLÁN, Puebla",,
"CALLE GONZÁLEZ ORTEGA, LA GUADALUPANA, ZACATLÁN, Puebla",,
"CALLE ZACAPOAXTLA ESQ Zacatlán, SAN MATÍAS COCOYOTLA, SAN PEDRO CHOLULA, Puebla",,
"DOMICILIO CONOCIDO, BARRIO DE XILIAPAN, CUETZALAN DEL PROGRESO CENTRO, CUETZALAN DEL PROGRESO, Puebla",,
"TERRENO DE CULTIVO DE LA COLONIA LA LUZ DE LA COMUNIDAD DE JESÚS NAZARENO, JESÚS NAZARENO, PALMAR DE BRAVO, Puebla",,
"AUTOPISTA TLAXCO TEJOCOTAL KM 38 + 500, MICHAC, CHIGNAHUAPAN, Puebla",,
"CAMINO A SAN ANDRES AZUMIATLA DESVIACION A LA IXTLA, SANTA CRUZ IXTLA, PUEBLA, Puebla",,
"CALLE COL.LA PERLA Y LA JOYA, LA JOYA, RAFAEL LARA GRAJALES, Puebla",,
"ENTRADA A LOS PINOS, COMUNIDAD DE TILAPA, HUEYTAMALCO CENTRO, HUEYTAMALCO, Puebla",,
"CALLE EMILIANO ZAPATA Y CALLE 6 DE JUNIO 19.107037, -98.144538, 6 DE JUNIO, PUEBLA, Puebla",,
"PRIV YUCATAN NUM 203 - AVENIDA 2 SUR, EL CARMEN HUEXOTITLA, PUEBLA, Puebla",,
"AHUATEPEC, HUEYAPAN, PUEBLA., HUEYAPAN CENTRO, HUEYAPAN, Puebla",,
"BARRANCA PARALELA A LA CALLE VERACRUZ DE LA COMUNIDAD DE SAN SEBASTIÁN VILLANUEVA, SAN SEBASTIÁN VILLANUEVA, ACATZINGO, Puebla",,
"CAMINO DE TERRACERÍA ANTES DE LA CAPILLA DEL SEÑOR DE TEJALPA. RUMBO A CARRETERA CUAPIAXTLA- ACATLÁN DE OSORIO, MOLCAXAC CENTRO, MOLCAXAC, Puebla",,
"REVOLUCION - 16 DE SEPTIEMBRE E INDEPENDENCIA, EL ARENAL, SAN MARTÍN TEXMELUCAN, Puebla",,
"19.102384,-98.0718364, SAN MIGUEL ESPEJO, PUEBLA, Puebla",,
"CALLE JOSÉ MARIA MORELOS ESQUINA CON EL CARRIL, SAN MIGUEL ZOZUTLA, SAN MIGUEL ZOZUTLA, YEHUALTEPEC, Puebla",,
"CANAL DE SAN APARICIO AVILA CAMACHO, SAN SEBASTIÁN DE APARICIO, PUEBLA, Puebla",,
"CALLE EMILIANO ZAPATA NUM. 2, HUAQUECHULA, HUAQUECHULA, Puebla",,
"Nicolás Bravo -AVENIDA REVOLUCION E HIDALGO, SANTA MARÍA MOYOTZINGO, SAN MARTÍN TEXMELUCAN, Puebla",,
"CARRETERA FEDERAL APROXIMADAMENTE KM-144+500,, JALPAN CENTRO, JALPAN, Puebla",,
"JOSEFA ORTIZ ENTRE 5 Y 7 SUR, NICOLÁS BRAVO, TEHUACÁN, Puebla",,
"SAN DIEGO ECATEPEC NO, 101, CHACHAPA, AMOZOC, Puebla",,
"CAMINO DE TERRACERIA, ZINACATEPEC CENTRO, ZINACATEPEC, Puebla",,
"CAMINO REAL A CHOLULA ESQ CON PERIFERICO, SANTIAGO MOMOXPAN, SAN PEDRO CHOLULA, Puebla",,
"COL. EL ARENAL, CAMINO A SAN PEDRO, ZAPOTITLÁN SALINAS, ZAPOTITLÁN, Puebla",,
"CAMINO A LA RESURRECCIÓN, 2 DE MARZO, PUEBLA, Puebla",,
"3 SUR ESQUINA SAN FRANSICO, SAN MATEO MENDIZABAL, AMOZOC, Puebla",,
"CALLE LA PALMA NUMERO 4, TLANCUALPICAN, CHIAUTLA, Puebla",,
"CALLE 5 DE FEBRERO NO. 71, AHUATA, YAONÁHUAC, Puebla",,
"VICENTE GUERRERO 14 ESQ MOCTEZUMA Y LA LUZ, GUADALUPE, PUEBLA, Puebla",,
"CARRETERA ESTATAL AXOCHIAPAN - CHIAUTLA DE TAPIA A LA ALTURA DEL PARAJE DENOMINADO EL BASURERO PERTENECIENTE A LA JUNTA AUXILIAR DE TLANCUALPICAN, CHIAUTLA DE TAPIA, CHIAUTLA, Puebla",,
"COMANDANCIA DE CHICHIQUILA, CHICHIQUILA CENTRO, CHICHIQUILA, Puebla",,
"CALLE 16 DE SEPTIEMBRE ESQUINA 119 OTE, GRANJAS PUEBLA, PUEBLA, Puebla",,
"CANAL DE VALSEQUILLO, SAN GABRIEL TETZOYOCAN, YEHUALTEPEC, Puebla",,
"PRIVADA LAURELES NUM 798-18 Y 20 PONIENTE, VISTA DEL VALLE, PUEBLA, Puebla",,
"AVENIDA TLAXCALA Y 7 OTE, RAFAEL LARA GRAJALES CENTRO, RAFAEL LARA GRAJALES, Puebla",,
"DOMICILIO CONOCIDO LOCALIDAD XOLANGO, FRACCIONAMIENTO UAUCHINANGO, HUAUCHINANGO, Puebla",,
"INMEIDACIONES DE SAN MIGUEL ESPEJO, SAN MIGUEL ESPEJO, PUEBLA, Puebla",,
"CAMINOS DE TERRACERÍA LA PARTE DE ATRÁS DE GRANJAS CARROL DE MÉXICO, LIBRES, LIBRES, Puebla",,
"CALLE MORELOS NO. 1 COL. CENTRO, HUEYAPAN CENTRO, HUEYAPAN, Puebla",,
"CAMINO DE TERRACERÍA A INMEDIACIONES DE SANTIAGO ALSESECA, SANTIAGO ALSESECA, TECAMACHALCO, Puebla",,
"IDENTRIDAD ESQUINA FEDERALISMO, UNIDAD HABITACIONAL SOLIDARIDAD NACIONAL 1, PUEBLA, Puebla",,
"CALLE HIDALGO #33, SAN LORENZO CHIAUTZINGO, CHIAUTZINGO, Puebla",,
"CARR A ALMAZAN, EMILIANO ZAPATA NEXATENGO, ATLIXCO, Puebla",,
"LOCALIDAD DENOMINADA CARACOLES, CARACOLES, TENAMPULCO, Puebla",,
"CALLE 7 PONIENTE # 51, TETELA DE OCAMPO, TETELA DE OCAMPO, Puebla",,
"CALZADA OAXACA #3108, FRANCISCO I MADERO, ATLIXCO, Puebla",,
"DOMICILIO CONOCIDO LA PEDRERA TEPEHICAN, TEPEHICÁN, TLATLAUQUITEPEC, Puebla",,
"PRIVADA CENTRAL NUM 2-JORGE MURAD, UNIDAD SAN ANGEL, PUEBLA, Puebla",,
"AVENIDA DEL PROGRESO 13903-PRIVADA DE LA ABUNDANCIA, VILLA ALBERTINA, PUEBLA, Puebla",,
"CALLE 102 PTE - LAT. AUT. MEX PUEBLA, INFONAVIT VILLA FRONTERA, PUEBLA, Puebla",,
"AVENIDA MEXICO ESQ 6 NORTE, SAN JUAN TLAUTLA, SAN PEDRO CHOLULA, Puebla",,
"LÍNEA DE PEMEX, XICOTEPEC CENTRO, XICOTEPEC, Puebla",,
"5 SUR ESQ 3 PONIENTE, TZICATLACOYAN, TZICATLACOYAN, Puebla",,
"CALLE TOLTECA., FRACCIONAMIENTO MONTERREY, HUAUCHINANGO, Puebla",,
"LA ZONA ARQUEOLOGICA, SAN DIEGO CHALMA, TEHUACÁN, Puebla",,
"CAMINO VIEJO A SAN MATEO, JUNTO A CERRO DEL PEDREGAL, FUENTES DEL PEDREGAL LAS VEGAS, AMOZOC, Puebla",,
"17 SUR ESQ. 31 PTE, LOS VOLCANES, PUEBLA, Puebla",,
"TRAMO CARRETERO MOLCAXAC - TEPEXI DE RODRIGUEZ KM 28+300, SAN ANDRÉS MIMIAHUAPAN, MOLCAXAC, Puebla",,
"PRIVADA TECALI 1 - CALLE PRINCIPAL, SAN BALTAZAR TORIJA, CUAUTINCHÁN, Puebla",,
"PROLONGACIÓN DE INDEPENDENCIA COL. NUEVA, HUEYTAMALCO CENTRO, HUEYTAMALCO, Puebla",,
"AVENIDA CAMINO REAL, SANTA MARÍA MOYOTZINGO, SAN MARTÍN TEXMELUCAN, Puebla",,
"CALLE 5 MAYO NUMERO 40 ENTRE GUILLERMO PRIETO Y LORETO, SANTIAGO MOMOXPAN, SAN PEDRO CHOLULA, Puebla",,
"COSTADO DE LA CARRETERA ACATZINGO A NOPALUCAN KM 9 + 500, ACATZINGO, ACATZINGO, Puebla",,
"DOMICILIO CONOCIDO - LOC. PLAN DE AYALA - COL. EL SOMBRERETE, TLACUILOTEPEC, TLACUILOTEPEC, Puebla",,
"18.915511, -98.223712, LA PAZ TLAXCOLPAN, PUEBLA, Puebla",,
"ARCO SUR,, XALAPA, CHIGNAUTLA, Puebla",,
"PRIV 15 SUR ESQ DIAGONAL MEXICO, SAN BUENAVENTURA NEALTICAN, NEALTICAN, Puebla",,
"LIBERTAD NO. 2 ESQ. ADOLFO LÓPEZ MATEOS, LA RESURRECCIÓN, PUEBLA, Puebla",,
"CAMINO A PUEBLO NUEVO, PALOS CAIDOS, ZACATLÁN, Puebla",,
"CALLE PORTUGAL NUM 40, FRACCIONAMIENTO BOSQUES DEL PILAR, PUEBLA, Puebla",,
"GRAN AVENIDA - PEDRERA, UNIDAD HABITACIONAL LAS CUARTILLAS, PUEBLA, Puebla",,
"AVENIDA ALVARO OBREGON N.18, TLACOTEPEC DE BENITO JUÁREZ CENTRO, TLACOTEPEC DE BENITO JUÁREZ, Puebla",,
"CALLE IGNACIO ZARAGOZA Y GUADALUPE VICTORIA, LÁZARO CÁRDENAS, PUEBLA, Puebla",,
"PRIVADA DE LA 39 OTE Y 24 SUR, JOSÉ LÓPEZ PORTILLO, PUEBLA, Puebla",,
"CALLE ALLENDE NUMERO 74, VILLA CHIETLA, CHIETLA, Puebla",,
"4 NTE-48 OTE, MOCTEZUMA, PUEBLA, Puebla",,
"123 PTE ESQ BENITO JUAREZ, SAN BARTOLO COATEPEC, PUEBLA, Puebla",,
"MATAMOROS NUM 2, HUACHINANTLA, JOLALPAN, Puebla",,
"SANTA MARÍA ACERRADERO, TLACHICHUCA, TLACHICHUCA, Puebla",,
"AVENIDA 5 DE MAYO, SAN JOSÉ CHIAPA CENTRO, SAN JOSÉ CHIAPA, Puebla",,
"ARTICULO 18 ENTRE CALLE 3 SUR Y CONSTITUYENTES, CONSTITUCIÓN MEXICANA, PUEBLA, Puebla",,
"EN LA PRESIDENCIA AUXILIAR, SAN ANTONIO TLACAMILCO, ACAJETE, Puebla",,
"REVOLUCION NUM 402 ESQ, RANCHO LA FORTUNA, SAN ANDRÉS CHOLULA, Puebla",,
"CALLE 44 SUR Y TLATLAUQUITEPE, SAN RAFAEL COMAC, SAN ANDRÉS CHOLULA, Puebla",,
"123 PTE ESQ 16 SEP, FRACCIONAMIENTO SAN BARTOLO, PUEBLA, Puebla",,
"REVOLUCION NUM 13 ESQ MANUEL SANTIBAÑES Y MIGUEL HIDALGO, LOMAS DE 5 DE MAYO, PUEBLA, Puebla",,
"6 OTE Y 5 DE MAYO, PUEBLA CENTRO, PUEBLA, Puebla",,
"AVENIDA 2 PONIENTE, CAÑADA MORELOS CENTRO, CAÑADA MORELOS, Puebla",,
"CALLE PRINCIPAL S-N, VENUSTIANO CARRANZA CENTRO, VENUSTIANO CARRANZA, Puebla",,
"CARRETERA FEDERAL VIA XALAPA - 18.9730221,-97.7572696, FRACCIONAMIENTO ALHUELICAN, ACATZINGO, Puebla",,
"CARRETERA FEDERAL TLAXCO TEJOCOTAL, SAN JOSE MAQUIXTLA, ZACATLÁN, Puebla",,
"CARR FED A SAN JUAN AMECAC, ATZITZIHUACÁN, ATZITZIHUACÁN, Puebla",,
"4 PTE ESQ. 3 NTE, LAS VEGAS, AMOZOC, Puebla",,
"CALLE 1RA DE MAYO, AYEHUALULCO BARRIO, ZACATLÁN, Puebla",,
"UNIDAD HAB SAN JUAN ED. 202 DEPTO 4, SAN ISIDRO, SAN MARTÍN TEXMELUCAN, Puebla",,
"CARRETERA A CALPAN KM 5 DESTINO CALPAN, SAN FRANCISCO CUAPAN, SAN PEDRO CHOLULA, Puebla",,
"SONORA NORTE # 702 ENTRE QUERETARO Y JALISCO, MÉXICO 68 NTE, TEHUACÁN, Puebla",,
"43 ORIENTE 2404-8 - 24 SUR, FRACCIONAMIENTO EL MIRADOR, PUEBLA, Puebla",,
"CALLE 3 NORTE 108 ENTRE AVENIDA NACIONAL O 2 PTE, SAN MATEO MENDIZABAL, AMOZOC, Puebla",,
"SATELITE MAGISTERIAL 5009, FRACCIONAMIENTO SAN LUIS GONZAGA, PUEBLA, Puebla",,
"AVENIDA INDEPENDENCIA, ESPERANZA CENTRO, ESPERANZA, Puebla",,
"CALLE HIDALGO 132, MÉXICO 83, PUEBLA, Puebla",,
"AVENIDACARRETERA Y AVENIDA JUAREZ, SAN JOSÉ EL RINCON, PUEBLA, Puebla",,
"FCO I MADERO 1912 ESQ 16 DE SEPTIEMBRE, TRES CERRITOS, PUEBLA, Puebla",,
"CALLE GUADALUPE NUM.10, SAN FRANCISCO CUAUTLANCINGO, FUENTES DE GUADALUPE, CHALCHICOMULA DE SESMA, Puebla",,
"19.051167, -98.050611, IGNACIO ZARAGOZA, AMOZOC, Puebla",,
"CARRETERA A CANO KILOMETRO 5-19.1174697,-98.1400652, SANTIAGO DE LOS LEONES, PUEBLA, Puebla",,
"CALLE CALVARIO S-N ESQ BUENOS AIRES, BUENOS AIRES, PUEBLA, Puebla",,
"8 A PONIWENTE Y 43 NORTE, FRACCIONAMIENTO VALLE DEL REY, PUEBLA, Puebla",,
"CALLE 5 DE MAYO ENTRE 6 Y 8 PONIENTE, BARRIO DEL ALTO, TECAMACHALCO, TECAMACHALCO, Puebla",,
"CAMINO A LOS PINOS S-N BARRIO SAN JOSÉ, GRANJA PORCINA LUIS FERNANDO, BARRIO SAN MARTÍN DE PORRES, TECAMACHALCO, Puebla",,
"TRAMO DE CHICHIQUILA A VISTA HERMOSA, CHICHIQUILA CENTRO, CHICHIQUILA, Puebla",,
"KILOMETRO 17+800, INFONAVIT AGUA SANTA, PUEBLA, Puebla",,
"CARRETERA A SAN PABLO DEL MONTE ESQ. CALLE LOS PINOS, POTRERO DE MARÍA, PUEBLA, Puebla",,
"SAN CLAUDIO - 22 SUR, CIUDAD UNIVERSITARIA, PUEBLA, Puebla",,
"VLB VALSEQUILLO Y 24 SUR, FRACCIONAMIENTO BANUS, PUEBLA, Puebla",,
"MPIO LIBRE ENTRE AVENIDA NACIONAL Y 11 SUR, RINCONADA DE LAS TORRES, PUEBLA, Puebla",,
"N. HEROES NUM 1816 ENTRE OYAMEL Y JACARANDAS, FRACCIONAMIENTO LOMA REAL, PUEBLA, Puebla",,
"CALLE 16 DE SEPTIEMBRE ESQUINA 103 OTE, 16 DE SEPTIEMBRE SUR, PUEBLA, Puebla",,
"BOUELVARD PUEBLA NUM 40 ESQ AVENIDA CAMPESTRE, FRACCIONAMIENTO REAL CAMPESTRE, PUEBLA, Puebla",,
"AVENIDA 25 PONIENTE - C. 3 SUR, BARRIO SAN PABLO TECAMAC, SAN PEDRO CHOLULA, Puebla",,
"MIGUEL HIDALGO MZ 1 LOTE 17 - CALLE INSURGENTES, SANTA MARÍA XONACATEPEC, PUEBLA, Puebla",,
"28 DE OCT Y 10 MAYO, BARRANCA HONDA, PUEBLA, Puebla",,
"CALLE PLUTARCO ELÍAS CALLES #2906, COLONIA VALLE SUR, ZONA MILITAR 16 REGIMIENTO CABALLERÍA MOTORIZADA, ATLIXCO, Puebla",,
"SANTIAGO TENANGO, SANTIAGO TENANGO, GENERAL FELIPE ÁNGELES, Puebla",,
"CALLEJON AGUSTIN A CACHO SIN NUMERO, TEHUACÁN CENTRO, TEHUACÁN, Puebla",,
"CALLE PRINCIPAL SIN NUMERO CENTRO PLAZA COMERCIAL, RAFAEL LARA GRAJALES CENTRO, RAFAEL LARA GRAJALES, Puebla",,
"SAN MATIAS LOTE 5 MZ 6 ESQ SANTA LUCIA, SANTA LUCIA, PUEBLA, Puebla",,
"CALLE JUSTO SIERRA, BERISTAIN, AHUAZOTEPEC, Puebla",,
"CALLE 5 DE MAYO S-N COL. EL CARMEN, EL CARMEN, TEZIUTLÁN, Puebla",,
"AVILA CAMACHO 5412 ESQ LAZARO CARDENAS Y DEFENSORES DE LA REPUBLICA, MIGUEL HIDALGO, PUEBLA, Puebla",,
"5 DE FEBRERO OTE, BARRIO SAN ANTONIO, SAN SALVADOR HUIXCOLOTLA, Puebla",,
"AVENIDA HIDALGO S-N, SAN PEDRO YELOIXTLAHUACA CENTRO, SAN PEDRO YELOIXTLAHUACA, Puebla",,
"CALLE PRINCIPAL CASA COLOR ROSA DE DOS NIVELES, SAN ESTEBAN NECOXCALCO, SAN ANTONIO CAÑADA, Puebla",,
"15 DE MAYO ESQUINA BLLVD CARMEN SERDAN, LOS VERGELES, PUEBLA, Puebla",,
"GUADALUPE VICTORIA ESQ INDEPENDENCIA, SAN JOSÉ CHAPULCO, PUEBLA, Puebla",,
"BOULEVARD VALSEQUILLO, CIUDAD UNIVERSITARIA, PUEBLA, Puebla",,
"CLARA CÓRDOVA MZ 12 LT3,, AMPLIACION UNIÓN ANTORCHISTA, PUEBLA, Puebla",,
"SANTA PATRICIA PINOS MANZANA 25 LOTE 15 ESQ AVENIDA SAN FRANCISCO, ARBOLEDAS DE SANTA LUCIA, PUEBLA, Puebla",,
"CARRETERA HACIA SAN PEDRO IXTLA, SAN PEDRO IXTLA, XICOTEPEC, Puebla",,
"CALLE ALDAMA 515 ESQUINA CALLE CHIAPAS, SAN SEBASTIÁN VILLANUEVA, ACATZINGO, Puebla",,
"4TA. DE VICTORIA, BARRIO SANTA CRUZ TECOXCO, IZÚCAR DE MATAMOROS, Puebla",,
"SAN DIEGO CHALMA, SAN DIEGO CHALMA, TEHUACÁN, Puebla",,
"15 DE MAYO - MADERO, REFORMA, PUEBLA, Puebla",,
"CALLE ZARAGOZA, CALLE EMILIO CARRANSA, SAN ANTONIO SOLEDAD, BARRIO DE GUADALUPE, CAÑADA MORELOS, Puebla",,
"34 SUR - PRIVADA VENUS, UNIDAD INFONAVIT LA MARGARITA, PUEBLA, Puebla",,
"COMUNIDAD DE SANTA CRUZ TEXMALAQUILLA, SAN JUAN HUILOAPAN, ATZITZINTLA, Puebla",,
"DOMICILIO CONOCIDO, JICOLAPA, ZACATLÁN, Puebla",,
"CALLE MARIANO MATAMOROS SIN NÚMERO, SECCIÓN QUINTA, ACTIPAN DE MORELOS, BARRIO CHINO, ACATZINGO, Puebla",,
"EMILIANO ZAPATA - JOSEFA ORTIZ DE DOMINGUEZ, NUEVO PLAN DE AYALA, PUEBLA, Puebla",,
", INDEPENDENCIA, PUEBLA, Puebla",,
"OSA MAYOR- BOULEVARD ATLIXCAYOTLY BOULEVARD DEL NIÑO POBLANO, CONCEPCIÓN LAS LAJAS, PUEBLA, Puebla",,
"BARRIO DE QUECHOLAC, BARRIO DE QUECHOLAC, SAN SALVADOR EL SECO, Puebla",,
"DOMICILIO CONOCIDO, ZACATLÁN CENTRO, ZACATLÁN, Puebla",,
"ACLLE 5 ORIENTE NÚMERO 106 ESQUINA 2 SUR Y 20 DE NOVIEMBRE, ACATZINGO CENTRO, ACATZINGO, Puebla",,
"C. 44 NTE ESQUINA MIGUEL HIDALGO, SAN LUIS GONZAGA, PUEBLA, Puebla",,
"CORREGIDORA, XICOTEPEC CENTRO, XICOTEPEC, Puebla",,
"2DA. PRIVADA DE LOS PINOS SIN NÚMERO COLONIA CENTRO, ALTEPEXI PUEBLA., AJALPAN CENTRO, AJALPAN, Puebla",,
"CALLE 2 PONIENTE ESQUINA CON 7 NORTE, BARRIO SAN ANTONIO, SAN ANTONIO, ACATZINGO, Puebla",,
"REFORMA, SAN ANTONIO MIAHUACAN, CORONANGO, Puebla",,
"SEGUNDA PRIVADA D 2 NORTE NUMERO 32 - 2 NORTE Y LA VIA, CHACHAPA, AMOZOC, Puebla",,
"CALLE 29 PTE NUM 1208 ENTRE 12 SUR Y 27, SANTO DOMINGO, TEHUACÁN, Puebla",,
"CALLE JORGE MURAD Y CENTRAL DE SAN ANGEL, SAN ÁNGEL, PUEBLA, Puebla",,
"TLANEPANTLA, Quimixtlán CENTRO, QUIMIXTLÁN, Puebla",,
"M. HIDALGO 108, SAN FRANCISCO TOTIMEHUACAN, PUEBLA, Puebla",,
"11 SUR FRENTE AL NUMERAL 14709-MARGARITAS, SAN JOSÉ LOS PINOS, PUEBLA, Puebla",,
"PRIV. DE SAN DIEGO BUENAVISTA 6 - BOULEVARD CANOA, SAN SEBASTIÁN DE APARICIO, PUEBLA, Puebla",,
"114 PTE &, CONJUNTO HABITACIONAL DEL VALLE, PUEBLA, Puebla",,
"CARRETERA SAN JUAN ATENCO - COYOTEPEC, ALJOJUCA, ALJOJUCA, Puebla",,
"RIO XOCHIAC ESQ CAPULINES, SANCTORUM, CUAUTLANCINGO, Puebla",,
"RIO HONDO S-N, MAXIMINO ÁVILA CAMACHO, ATLIXCO, Puebla",,
"16 DE SEPT - BOULEVARD LAS TORRES, 16 DE SEPTIEMBRE SUR, PUEBLA, Puebla",,
"PVDA GASEODUCTO N. 6-4 - AVENIDA GASEODUCTO Y INDUSTRIA, SAN PABLO XOCHIMEHUACAN, PUEBLA, Puebla",,
"AVENIDA DE LA REFORMA, ESQ 37 NORTE, AMOR, PUEBLA, Puebla",,
"GUADALUPE VICTORIA, LA MAQUILA DEL CENTRO DE XALTIPAN, TEZIUTLÁN CENTRO, TEZIUTLÁN, Puebla",,
"AVENIDA JUAREZ Y 11 OTE, TECAMACHALCO, TECAMACHALCO, Puebla",,
"ENTRADA DE CHIPILO, SAN BERNARDINO TLAXCALANCINGO, SAN ANDRÉS CHOLULA, Puebla",,
"AVENIDA 16 DE SEPT-3 SUR -PRIV MIGUEL DE LA MADRID, UNIDAD HABITACIONAL SANTE, PUEBLA, Puebla",,
"CALLE DEL RIO, SANTA CRUZ TEHUIXPANGO, ATLIXCO, Puebla",,
"19.093485,-98.2500150, SANCTORUM, CUAUTLANCINGO, Puebla",,
", , , Puebla",,
